x-axis,1
second,Volt
-4.90620006452,3.26181
-4.90120006452,3.26181
-4.89620006452,0.00552773
-4.89120006452,0.0457287
-4.88620006452,0.0457287
-4.88120006452,0.00552773
-4.87620006452,0.00552773
-4.87120006452,0.00552773
-4.86620006452,0.00552773
-4.86120006452,0.00552773
-4.85620006452,0.00552773
-4.85120006452,0.00552773
-4.84620006452,0.00552773
-4.84120006452,0.00552773
-4.83620006452,0.00552773
-4.83120006452,0.00552773
-4.82620006452,0.0457287
-4.82120006452,0.00552773
-4.81620006452,0.00552773
-4.81120006452,0.00552773
-4.80620006452,3.30201
-4.80120006452,3.30201
-4.79620006452,0.00552773
-4.79120006452,0.0457287
-4.78620006452,0.00552773
-4.78120006452,0.00552773
-4.77620006452,0.00552773
-4.77120006452,0.00552773
-4.76620006452,0.00552773
-4.76120006452,0.00552773
-4.75620006452,0.00552773
-4.75120006452,0.0457287
-4.74620006452,0.00552773
-4.74120006452,0.0457287
-4.73620006452,0.00552773
-4.73120006452,0.00552773
-4.72620006452,0.00552773
-4.72120006452,0.00552773
-4.71620006452,0.0457287
-4.71120006452,0.0457287
-4.70620006452,3.30201
-4.70120006452,3.30201
-4.69620006452,0.00552773
-4.69120006452,0.00552773
-4.68620006452,0.00552773
-4.68120006452,0.0457287
-4.67620006452,0.00552773
-4.67120006452,0.00552773
-4.66620006452,0.00552773
-4.66120006452,0.00552773
-4.65620006452,0.0457287
-4.65120006452,0.0457287
-4.64620006452,0.00552773
-4.64120006452,0.00552773
-4.63620006452,0.00552773
-4.63120006452,0.00552773
-4.62620006452,0.00552773
-4.62120006452,0.00552773
-4.61620006452,0.0457287
-4.61120006452,0.0457287
-4.60620006452,3.30201
-4.60120006452,3.30201
-4.59620006452,0.00552773
-4.59120006452,0.0457287
-4.58620006452,-0.0346732
-4.58120006452,-0.0346732
-4.57620006452,0.0457287
-4.57120006452,0.0457287
-4.56620006452,0.00552773
-4.56120006452,0.00552773
-4.55620006452,0.00552773
-4.55120006452,0.00552773
-4.54620006452,0.00552773
-4.54120006452,0.0457287
-4.53620006452,0.0457287
-4.53120006452,0.0457287
-4.52620006452,0.00552773
-4.52120006452,0.00552773
-4.51620006452,0.0457287
-4.51120006452,0.0457287
-4.50620006452,3.30201
-4.50120006452,3.30201
-4.49620006452,0.0457287
-4.49120006452,-0.0346732
-4.48620006452,0.00552773
-4.48120006452,0.00552773
-4.47620006452,0.00552773
-4.47120006452,0.00552773
-4.46620006452,0.0457287
-4.46120006452,0.00552773
-4.45620006452,-0.0346732
-4.45120006452,-0.0346732
-4.44620006452,0.00552773
-4.44120006452,0.00552773
-4.43620006452,0.00552773
-4.43120006452,0.00552773
-4.42620006452,0.00552773
-4.42120006452,0.00552773
-4.41620006452,0.00552773
-4.41120006452,-0.0346732
-4.40620006452,3.34221
-4.40120006452,3.30201
-4.39620006452,0.00552773
-4.39120006452,0.00552773
-4.38620006452,0.00552773
-4.38120006452,0.0457287
-4.37620006452,0.0457287
-4.37120006452,0.00552773
-4.36620006452,0.00552773
-4.36120006452,0.00552773
-4.35620006452,0.00552773
-4.35120006452,0.00552773
-4.34620006452,0.00552773
-4.34120006452,0.00552773
-4.33620006452,0.00552773
-4.33120006452,0.00552773
-4.32620006452,0.00552773
-4.32120006452,0.00552773
-4.31620006452,0.00552773
-4.31120006452,0.00552773
-4.30620006452,3.26181
-4.30120006452,3.30201
-4.29620006452,0.00552773
-4.29120006452,0.00552773
-4.28620006452,0.0457287
-4.28120006452,0.0457287
-4.27620006452,0.00552773
-4.27120006452,0.00552773
-4.26620006452,0.00552773
-4.26120006452,0.0457287
-4.25620006452,0.00552773
-4.25120006452,0.00552773
-4.24620006452,0.00552773
-4.24120006452,0.0457287
-4.23620006452,0.0457287
-4.23120006452,0.00552773
-4.22620006452,0.00552773
-4.22120006452,0.0457287
-4.21620006452,0.00552773
-4.21120006452,0.00552773
-4.20620006452,3.30201
-4.20120006452,3.30201
-4.19620006452,0.00552773
-4.19120006452,0.00552773
-4.18620006452,0.00552773
-4.18120006452,0.00552773
-4.17620006452,0.00552773
-4.17120006452,0.00552773
-4.16620006452,0.0457287
-4.16120006452,0.00552773
-4.15620006452,0.00552773
-4.15120006452,0.00552773
-4.14620006452,0.00552773
-4.14120006452,0.0457287
-4.13620006452,0.00552773
-4.13120006452,0.0457287
-4.12620006452,0.00552773
-4.12120006452,0.00552773
-4.11620006452,0.0457287
-4.11120006452,0.00552773
-4.10620006452,3.30201
-4.10120006452,3.26181
-4.09620006452,0.0457287
-4.09120006452,0.00552773
-4.08620006452,0.00552773
-4.08120006452,0.0457287
-4.07620006452,0.00552773
-4.07120006452,0.0457287
-4.06620006452,0.00552773
-4.06120006452,0.00552773
-4.05620006452,0.00552773
-4.05120006452,0.0457287
-4.04620006452,0.0457287
-4.04120006452,0.00552773
-4.03620006452,0.0457287
-4.03120006452,0.0457287
-4.02620006452,0.0457287
-4.02120006452,0.0457287
-4.01620006452,0.0457287
-4.01120006452,0.00552773
-4.00620006452,3.30201
-4.00120006452,3.30201
-3.99620006452,0.0457287
-3.99120006452,0.00552773
-3.98620006452,0.00552773
-3.98120006452,-0.0346732
-3.97620006452,0.0457287
-3.97120006452,0.00552773
-3.96620006452,0.0457287
-3.96120006452,0.00552773
-3.95620006452,0.00552773
-3.95120006452,0.00552773
-3.94620006452,-0.0346732
-3.94120006452,0.00552773
-3.93620006452,0.00552773
-3.93120006452,0.00552773
-3.92620006452,0.00552773
-3.92120006452,0.00552773
-3.91620006452,0.00552773
-3.91120006452,0.00552773
-3.90620006452,3.30201
-3.90120006452,3.26181
-3.89620006452,0.00552773
-3.89120006452,0.00552773
-3.88620006452,0.00552773
-3.88120006452,0.00552773
-3.87620006452,0.0457287
-3.87120006452,0.0457287
-3.86620006452,0.0457287
-3.86120006452,0.00552773
-3.85620006452,0.0457287
-3.85120006452,0.00552773
-3.84620006452,0.00552773
-3.84120006452,0.00552773
-3.83620006452,0.00552773
-3.83120006452,0.00552773
-3.82620006452,0.00552773
-3.82120006452,0.00552773
-3.81620006452,0.00552773
-3.81120006452,0.00552773
-3.80620006452,3.30201
-3.80120006452,3.26181
-3.79620006452,-0.0346732
-3.79120006452,0.00552773
-3.78620006452,0.00552773
-3.78120006452,0.0457287
-3.77620006452,0.00552773
-3.77120006452,0.00552773
-3.76620006452,0.0457287
-3.76120006452,0.00552773
-3.75620006452,0.00552773
-3.75120006452,0.00552773
-3.74620006452,0.00552773
-3.74120006452,0.0457287
-3.73620006452,-0.0346732
-3.73120006452,-0.0346732
-3.72620006452,0.0457287
-3.72120006452,0.0457287
-3.71620006452,0.0457287
-3.71120006452,0.00552773
-3.70620006452,3.30201
-3.70120006452,3.30201
-3.69620006452,0.00552773
-3.69120006452,0.00552773
-3.68620006452,0.0457287
-3.68120006452,0.0457287
-3.67620006452,0.0457287
-3.67120006452,0.00552773
-3.66620006452,0.00552773
-3.66120006452,0.00552773
-3.65620006452,0.00552773
-3.65120006452,0.00552773
-3.64620006452,0.0457287
-3.64120006452,0.00552773
-3.63620006452,0.00552773
-3.63120006452,0.0457287
-3.62620006452,0.0457287
-3.62120006452,0.0457287
-3.61620006452,0.0457287
-3.61120006452,0.00552773
-3.60620006452,3.26181
-3.60120006452,3.30201
-3.59620006452,0.0457287
-3.59120006452,0.0457287
-3.58620006452,0.00552773
-3.58120006452,0.00552773
-3.57620006452,0.00552773
-3.57120006452,-0.0346732
-3.56620006452,0.00552773
-3.56120006452,0.0457287
-3.55620006452,0.00552773
-3.55120006452,0.0457287
-3.54620006452,0.00552773
-3.54120006452,0.00552773
-3.53620006452,-0.0346732
-3.53120006452,0.00552773
-3.52620006452,0.0457287
-3.52120006452,0.0457287
-3.51620006452,-0.0346732
-3.51120006452,0.00552773
-3.50620006452,3.26181
-3.50120006452,3.26181
-3.49620006452,0.00552773
-3.49120006452,0.00552773
-3.48620006452,0.0457287
-3.48120006452,0.0457287
-3.47620006452,0.00552773
-3.47120006452,0.00552773
-3.46620006452,0.00552773
-3.46120006452,0.0457287
-3.45620006452,0.00552773
-3.45120006452,0.00552773
-3.44620006452,0.00552773
-3.44120006452,0.00552773
-3.43620006452,0.00552773
-3.43120006452,0.00552773
-3.42620006452,0.00552773
-3.42120006452,0.00552773
-3.41620006452,0.0457287
-3.41120006452,0.00552773
-3.40620006452,3.26181
-3.40120006452,3.30201
-3.39620006452,0.0457287
-3.39120006452,0.0457287
-3.38620006452,0.00552773
-3.38120006452,0.00552773
-3.37620006452,0.00552773
-3.37120006452,0.00552773
-3.36620006452,0.00552773
-3.36120006452,0.0457287
-3.35620006452,0.00552773
-3.35120006452,0.0457287
-3.34620006452,0.0457287
-3.34120006452,0.00552773
-3.33620006452,0.00552773
-3.33120006452,0.0457287
-3.32620006452,0.00552773
-3.32120006452,0.0457287
-3.31620006452,0.00552773
-3.31120006452,0.00552773
-3.30620006452,3.30201
-3.30120006452,3.26181
-3.29620006452,0.0457287
-3.29120006452,-0.0346732
-3.28620006452,-0.0346732
-3.28120006452,0.0457287
-3.27620006452,0.00552773
-3.27120006452,-0.0346732
-3.26620006452,0.00552773
-3.26120006452,0.00552773
-3.25620006452,0.00552773
-3.25120006452,0.00552773
-3.24620006452,0.0457287
-3.24120006452,0.00552773
-3.23620006452,0.00552773
-3.23120006452,0.00552773
-3.22620006452,0.00552773
-3.22120006452,0.00552773
-3.21620006452,0.00552773
-3.21120006452,0.00552773
-3.20620006452,3.30201
-3.20120006452,3.30201
-3.19620006452,-0.0346732
-3.19120006452,0.00552773
-3.18620006452,0.00552773
-3.18120006452,0.00552773
-3.17620006452,0.0457287
-3.17120006452,0.00552773
-3.16620006452,0.0457287
-3.16120006452,-0.0346732
-3.15620006452,-0.0346732
-3.15120006452,0.00552773
-3.14620006452,0.00552773
-3.14120006452,0.00552773
-3.13620006452,-0.0346732
-3.13120006452,0.0457287
-3.12620006452,0.00552773
-3.12120006452,-0.0346732
-3.11620006452,0.0457287
-3.11120006452,0.00552773
-3.10620006452,3.30201
-3.10120006452,3.26181
-3.09620006452,0.00552773
-3.09120006452,-0.0346732
-3.08620006452,0.00552773
-3.08120006452,0.00552773
-3.07620006452,0.00552773
-3.07120006452,0.00552773
-3.06620006452,0.00552773
-3.06120006452,0.00552773
-3.05620006452,0.00552773
-3.05120006452,0.0457287
-3.04620006452,0.00552773
-3.04120006452,0.0457287
-3.03620006452,-0.0346732
-3.03120006452,0.00552773
-3.02620006452,0.00552773
-3.02120006452,0.0457287
-3.01620006452,0.0457287
-3.01120006452,0.0457287
-3.00620006452,3.26181
-3.00120006452,3.30201
-2.99620006452,0.00552773
-2.99120006452,0.00552773
-2.98620006452,0.00552773
-2.98120006452,0.00552773
-2.97620006452,0.00552773
-2.97120006452,-0.0346732
-2.96620006452,0.0457287
-2.96120006452,0.00552773
-2.95620006452,0.00552773
-2.95120006452,0.00552773
-2.94620006452,0.00552773
-2.94120006452,0.0457287
-2.93620006452,0.00552773
-2.93120006452,0.00552773
-2.92620006452,0.0457287
-2.92120006452,0.0457287
-2.91620006452,0.0457287
-2.91120006452,0.00552773
-2.90620006452,3.26181
-2.90120006452,3.30201
-2.89620006452,0.00552773
-2.89120006452,0.0457287
-2.88620006452,0.00552773
-2.88120006452,0.00552773
-2.87620006452,0.00552773
-2.87120006452,0.0457287
-2.86620006452,0.00552773
-2.86120006452,0.00552773
-2.85620006452,0.0457287
-2.85120006452,0.00552773
-2.84620006452,0.0457287
-2.84120006452,-0.0346732
-2.83620006452,0.00552773
-2.83120006452,0.0457287
-2.82620006452,0.00552773
-2.82120006452,0.00552773
-2.81620006452,0.00552773
-2.81120006452,0.00552773
-2.80620006452,3.26181
-2.80120006452,3.30201
-2.79620006452,0.00552773
-2.79120006452,0.0457287
-2.78620006452,0.00552773
-2.78120006452,0.0457287
-2.77620006452,0.0457287
-2.77120006452,0.0457287
-2.76620006452,0.0457287
-2.76120006452,0.00552773
-2.75620006452,0.00552773
-2.75120006452,0.0457287
-2.74620006452,0.00552773
-2.74120006452,0.00552773
-2.73620006452,0.00552773
-2.73120006452,0.00552773
-2.72620006452,0.00552773
-2.72120006452,0.0457287
-2.71620006452,0.0457287
-2.71120006452,0.0457287
-2.70620006452,3.30201
-2.70120006452,3.22161
-2.69620006452,0.00552773
-2.69120006452,0.00552773
-2.68620006452,0.00552773
-2.68120006452,0.00552773
-2.67620006452,0.0457287
-2.67120006452,0.0457287
-2.66620006452,0.00552773
-2.66120006452,-0.0346732
-2.65620006452,0.00552773
-2.65120006452,0.00552773
-2.64620006452,0.0457287
-2.64120006452,0.00552773
-2.63620006452,0.00552773
-2.63120006452,0.00552773
-2.62620006452,-0.0346732
-2.62120006452,0.00552773
-2.61620006452,0.00552773
-2.61120006452,0.00552773
-2.60620006452,3.26181
-2.60120006452,3.26181
-2.59620006452,0.0457287
-2.59120006452,0.00552773
-2.58620006452,0.0457287
-2.58120006452,0.00552773
-2.57620006452,0.00552773
-2.57120006452,0.00552773
-2.56620006452,0.0457287
-2.56120006452,0.00552773
-2.55620006452,0.00552773
-2.55120006452,0.00552773
-2.54620006452,0.00552773
-2.54120006452,0.00552773
-2.53620006452,0.00552773
-2.53120006452,0.0457287
-2.52620006452,0.00552773
-2.52120006452,-0.0346732
-2.51620006452,0.00552773
-2.51120006452,0.0457287
-2.50620006452,3.30201
-2.50120006452,3.30201
-2.49620006452,0.00552773
-2.49120006452,0.00552773
-2.48620006452,0.0457287
-2.48120006452,0.00552773
-2.47620006452,-0.0346732
-2.47120006452,0.0457287
-2.46620006452,0.00552773
-2.46120006452,0.00552773
-2.45620006452,0.00552773
-2.45120006452,0.0457287
-2.44620006452,-0.0346732
-2.44120006452,0.00552773
-2.43620006452,0.00552773
-2.43120006452,0.0457287
-2.42620006452,0.00552773
-2.42120006452,0.00552773
-2.41620006452,0.00552773
-2.41120006452,0.00552773
-2.40620006452,3.30201
-2.40120006452,3.30201
-2.39620006452,0.00552773
-2.39120006452,0.00552773
-2.38620006452,0.00552773
-2.38120006452,0.00552773
-2.37620006452,0.00552773
-2.37120006452,0.00552773
-2.36620006452,0.00552773
-2.36120006452,0.00552773
-2.35620006452,-0.0346732
-2.35120006452,0.00552773
-2.34620006452,0.00552773
-2.34120006452,0.00552773
-2.33620006452,0.00552773
-2.33120006452,0.00552773
-2.32620006452,0.00552773
-2.32120006452,0.0457287
-2.31620006452,0.00552773
-2.31120006452,0.00552773
-2.30620006452,3.26181
-2.30120006452,3.30201
-2.29620006452,0.00552773
-2.29120006452,0.0457287
-2.28620006452,0.00552773
-2.28120006452,0.00552773
-2.27620006452,-0.0346732
-2.27120006452,0.0457287
-2.26620006452,-0.0346732
-2.26120006452,0.0457287
-2.25620006452,0.00552773
-2.25120006452,0.0457287
-2.24620006452,0.00552773
-2.24120006452,0.00552773
-2.23620006452,0.0457287
-2.23120006452,0.0457287
-2.22620006452,0.00552773
-2.22120006452,0.0457287
-2.21620006452,0.00552773
-2.21120006452,0.00552773
-2.20620006452,3.26181
-2.20120006452,3.30201
-2.19620006452,0.00552773
-2.19120006452,0.00552773
-2.18620006452,0.0457287
-2.18120006452,0.00552773
-2.17620006452,0.00552773
-2.17120006452,0.00552773
-2.16620006452,0.0457287
-2.16120006452,0.00552773
-2.15620006452,0.00552773
-2.15120006452,0.00552773
-2.14620006452,-0.0346732
-2.14120006452,0.00552773
-2.13620006452,0.0457287
-2.13120006452,0.00552773
-2.12620006452,0.00552773
-2.12120006452,0.00552773
-2.11620006452,0.00552773
-2.11120006452,0.0457287
-2.10620006452,3.30201
-2.10120006452,3.26181
-2.09620006452,0.0457287
-2.09120006452,0.00552773
-2.08620006452,0.00552773
-2.08120006452,0.0457287
-2.07620006452,0.00552773
-2.07120006452,0.0457287
-2.06620006452,0.0457287
-2.06120006452,-0.0346732
-2.05620006452,0.00552773
-2.05120006452,0.0457287
-2.04620006452,0.0457287
-2.04120006452,0.00552773
-2.03620006452,0.00552773
-2.03120006452,0.00552773
-2.02620006452,0.00552773
-2.02120006452,0.00552773
-2.01620006452,0.00552773
-2.01120006452,0.00552773
-2.00620006452,3.26181
-2.00120006452,3.30201
-1.99620006452,0.00552773
-1.99120006452,0.00552773
-1.98620006452,0.0457287
-1.98120006452,0.00552773
-1.97620006452,0.0457287
-1.97120006452,0.00552773
-1.96620006452,0.0457287
-1.96120006452,0.00552773
-1.95620006452,0.0457287
-1.95120006452,0.00552773
-1.94620006452,0.00552773
-1.94120006452,0.00552773
-1.93620006452,0.0457287
-1.93120006452,0.00552773
-1.92620006452,0.00552773
-1.92120006452,0.00552773
-1.91620006452,0.00552773
-1.91120006452,0.00552773
-1.90620006452,3.26181
-1.90120006452,3.30201
-1.89620006452,0.00552773
-1.89120006452,0.00552773
-1.88620006452,0.00552773
-1.88120006452,0.00552773
-1.87620006452,0.00552773
-1.87120006452,0.00552773
-1.86620006452,0.00552773
-1.86120006452,-0.0346732
-1.85620006452,0.00552773
-1.85120006452,0.00552773
-1.84620006452,0.00552773
-1.84120006452,0.00552773
-1.83620006452,0.0457287
-1.83120006452,0.0457287
-1.82620006452,0.00552773
-1.82120006452,0.0457287
-1.81620006452,0.00552773
-1.81120006452,0.0457287
-1.80620006452,3.26181
-1.80120006452,3.26181
-1.79620006452,0.00552773
-1.79120006452,0.00552773
-1.78620006452,0.00552773
-1.78120006452,0.00552773
-1.77620006452,0.0457287
-1.77120006452,0.0457287
-1.76620006452,0.00552773
-1.76120006452,-0.0346732
-1.75620006452,0.00552773
-1.75120006452,0.0457287
-1.74620006452,0.0457287
-1.74120006452,0.0457287
-1.73620006452,0.00552773
-1.73120006452,0.00552773
-1.72620006452,0.0859299
-1.72120006452,0.0457287
-1.71620006452,0.0457287
-1.71120006452,0.00552773
-1.70620006452,3.26181
-1.70120006452,3.26181
-1.69620006452,0.00552773
-1.69120006452,0.00552773
-1.68620006452,0.00552773
-1.68120006452,0.00552773
-1.67620006452,0.0457287
-1.67120006452,0.00552773
-1.66620006452,0.00552773
-1.66120006452,0.00552773
-1.65620006452,0.0457287
-1.65120006452,0.0457287
-1.64620006452,0.00552773
-1.64120006452,0.00552773
-1.63620006452,0.0457287
-1.63120006452,-0.0346732
-1.62620006452,0.0457287
-1.62120006452,-0.0346732
-1.61620006452,0.00552773
-1.61120006452,0.00552773
-1.60620006452,3.30201
-1.60120006452,3.22161
-1.59620006452,0.00552773
-1.59120006452,0.00552773
-1.58620006452,0.00552773
-1.58120006452,0.0457287
-1.57620006452,0.00552773
-1.57120006452,0.0457287
-1.56620006452,0.00552773
-1.56120006452,0.00552773
-1.55620006452,0.00552773
-1.55120006452,0.00552773
-1.54620006452,0.0457287
-1.54120006452,0.00552773
-1.53620006452,0.0457287
-1.53120006452,0.00552773
-1.52620006452,0.00552773
-1.52120006452,0.0457287
-1.51620006452,0.00552773
-1.51120006452,0.00552773
-1.50620006452,3.30201
-1.50120006452,3.26181
-1.49620006452,0.00552773
-1.49120006452,0.0457287
-1.48620006452,0.0457287
-1.48120006452,0.00552773
-1.47620006452,0.00552773
-1.47120006452,0.0457287
-1.46620006452,0.00552773
-1.46120006452,0.00552773
-1.45620006452,0.00552773
-1.45120006452,0.0457287
-1.44620006452,0.00552773
-1.44120006452,-0.0346732
-1.43620006452,0.00552773
-1.43120006452,0.00552773
-1.42620006452,-0.0346732
-1.42120006452,0.00552773
-1.41620006452,0.00552773
-1.41120006452,0.00552773
-1.40620006452,3.26181
-1.40120006452,3.30201
-1.39620006452,0.0457287
-1.39120006452,-0.0346732
-1.38620006452,0.0457287
-1.38120006452,0.00552773
-1.37620006452,0.0457287
-1.37120006452,0.00552773
-1.36620006452,0.0457287
-1.36120006452,-0.0346732
-1.35620006452,0.0859299
-1.35120006452,0.00552773
-1.34620006452,0.0457287
-1.34120006452,0.00552773
-1.33620006452,0.0457287
-1.33120006452,0.00552773
-1.32620006452,0.00552773
-1.32120006452,0.00552773
-1.31620006452,0.0457287
-1.31120006452,0.00552773
-1.30620006452,3.30201
-1.30120006452,3.26181
-1.29620006452,0.0457287
-1.29120006452,0.00552773
-1.28620006452,0.0457287
-1.28120006452,0.0457287
-1.27620006452,0.0457287
-1.27120006452,0.00552773
-1.26620006452,0.0457287
-1.26120006452,0.00552773
-1.25620006452,0.00552773
-1.25120006452,0.0457287
-1.24620006452,0.00552773
-1.24120006452,0.00552773
-1.23620006452,0.00552773
-1.23120006452,0.00552773
-1.22620006452,0.00552773
-1.22120006452,0.0457287
-1.21620006452,0.00552773
-1.21120006452,0.00552773
-1.20620006452,3.30201
-1.20120006452,3.30201
-1.19620006452,0.0457287
-1.19120006452,0.00552773
-1.18620006452,0.00552773
-1.18120006452,0.00552773
-1.17620006452,0.0457287
-1.17120006452,0.0457287
-1.16620006452,-0.0346732
-1.16120006452,0.00552773
-1.15620006452,0.0457287
-1.15120006452,0.0457287
-1.14620006452,0.0457287
-1.14120006452,0.00552773
-1.13620006452,0.0457287
-1.13120006452,0.00552773
-1.12620006452,-0.0346732
-1.12120006452,0.0457287
-1.11620006452,-0.0346732
-1.11120006452,0.0457287
-1.10620006452,3.26181
-1.10120006452,3.30201
-1.09620006452,0.00552773
-1.09120006452,0.00552773
-1.08620006452,0.0457287
-1.08120006452,0.00552773
-1.07620006452,0.0457287
-1.07120006452,0.00552773
-1.06620006452,0.0457287
-1.06120006452,0.00552773
-1.05620006452,0.00552773
-1.05120006452,0.00552773
-1.04620006452,0.00552773
-1.04120006452,0.00552773
-1.03620006452,0.0457287
-1.03120006452,0.00552773
-1.02620006452,0.00552773
-1.02120006452,0.00552773
-1.01620006452,0.00552773
-1.01120006452,0.00552773
-1.00620006452,3.26181
-1.00120006452,3.34221
-0.996200064524,0.00552773
-0.991200064524,0.00552773
-0.986200064524,0.0457287
-0.981200064524,0.00552773
-0.976200064524,0.0457287
-0.971200064524,0.00552773
-0.966200064524,0.0457287
-0.961200064524,-0.0346732
-0.956200064524,0.00552773
-0.951200064524,0.00552773
-0.946200064524,0.00552773
-0.941200064524,0.00552773
-0.936200064524,0.0457287
-0.931200064524,0.00552773
-0.926200064524,-0.0346732
-0.921200064524,0.0457287
-0.916200064524,0.00552773
-0.911200064524,-0.0346732
-0.906200064524,3.30201
-0.901200064524,3.30201
-0.896200064524,0.00552773
-0.891200064524,0.00552773
-0.886200064524,0.0457287
-0.881200064524,0.0457287
-0.876200064524,0.0457287
-0.871200064524,0.0457287
-0.866200064524,0.00552773
-0.861200064524,0.00552773
-0.856200064524,0.0457287
-0.851200064524,0.00552773
-0.846200064524,0.00552773
-0.841200064524,0.00552773
-0.836200064524,0.00552773
-0.831200064524,0.0457287
-0.826200064524,0.00552773
-0.821200064524,0.00552773
-0.816200064524,0.0457287
-0.811200064524,0.00552773
-0.806200064524,3.30201
-0.801200064524,3.26181
-0.796200064524,0.00552773
-0.791200064524,0.0457287
-0.786200064524,0.00552773
-0.781200064524,0.00552773
-0.776200064524,0.00552773
-0.771200064524,0.00552773
-0.766200064524,0.00552773
-0.761200064524,0.0457287
-0.756200064524,0.00552773
-0.751200064524,0.0457287
-0.746200064524,0.00552773
-0.741200064524,0.00552773
-0.736200064524,0.00552773
-0.731200064524,0.00552773
-0.726200064524,0.00552773
-0.721200064524,0.0457287
-0.716200064524,-0.0346732
-0.711200064524,0.0457287
-0.706200064524,3.26181
-0.701200064524,3.26181
-0.696200064524,0.0457287
-0.691200064524,0.00552773
-0.686200064524,0.0457287
-0.681200064524,0.00552773
-0.676200064524,0.00552773
-0.671200064524,0.00552773
-0.666200064524,0.00552773
-0.661200064524,0.00552773
-0.656200064524,0.00552773
-0.651200064524,0.00552773
-0.646200064524,0.00552773
-0.641200064524,0.00552773
-0.636200064524,0.00552773
-0.631200064524,0.0457287
-0.626200064524,0.00552773
-0.621200064524,0.00552773
-0.616200064524,0.0457287
-0.611200064524,0.00552773
-0.606200064524,3.26181
-0.601200064524,3.30201
-0.596200064524,0.0457287
-0.591200064524,0.00552773
-0.586200064524,0.0457287
-0.581200064524,0.0457287
-0.576200064524,0.00552773
-0.571200064524,0.00552773
-0.566200064524,0.00552773
-0.561200064524,0.0457287
-0.556200064524,0.0457287
-0.551200064524,0.00552773
-0.546200064524,0.00552773
-0.541200064524,0.0457287
-0.536200064524,0.00552773
-0.531200064524,0.00552773
-0.526200064524,0.00552773
-0.521200064524,0.0457287
-0.516200064524,-0.0346732
-0.511200064524,0.00552773
-0.506200064524,3.26181
-0.501200064524,3.30201
-0.496200064524,0.0457287
-0.491200064524,0.0457287
-0.486200064524,0.0457287
-0.481200064524,0.00552773
-0.476200064524,0.00552773
-0.471200064524,0.00552773
-0.466200064524,0.00552773
-0.461200064524,0.0457287
-0.456200064524,0.00552773
-0.451200064524,0.00552773
-0.446200064524,0.0457287
-0.441200064524,0.00552773
-0.436200064524,0.00552773
-0.431200064524,0.00552773
-0.426200064524,0.0457287
-0.421200064524,0.00552773
-0.416200064524,0.00552773
-0.411200064524,0.00552773
-0.406200064524,3.30201
-0.401200064524,3.30201
-0.396200064524,0.00552773
-0.391200064524,0.00552773
-0.386200064524,-0.0346732
-0.381200064524,0.00552773
-0.376200064524,0.00552773
-0.371200064524,0.00552773
-0.366200064524,0.00552773
-0.361200064524,0.00552773
-0.356200064524,0.00552773
-0.351200064524,0.00552773
-0.346200064524,0.00552773
-0.341200064524,0.0457287
-0.336200064524,0.00552773
-0.331200064524,0.00552773
-0.326200064524,0.0457287
-0.321200064524,0.00552773
-0.316200064524,0.0457287
-0.311200064524,0.00552773
-0.306200064524,3.26181
-0.301200064524,3.30201
-0.296200064524,0.0457287
-0.291200064524,0.00552773
-0.286200064524,0.0859299
-0.281200064524,-0.0346732
-0.276200064524,0.00552773
-0.271200064524,0.00552773
-0.266200064524,0.0457287
-0.261200064524,0.00552773
-0.256200064524,0.00552773
-0.251200064524,0.0457287
-0.246200064524,0.00552773
-0.241200064524,0.00552773
-0.236200064524,0.00552773
-0.231200064524,0.00552773
-0.226200064524,0.00552773
-0.221200064524,0.00552773
-0.216200064524,0.00552773
-0.211200064524,0.00552773
-0.206200064524,3.30201
-0.201200064524,3.26181
-0.196200064524,0.00552773
-0.191200064524,0.00552773
-0.186200064524,0.00552773
-0.181200064524,0.00552773
-0.176200064524,-0.0346732
-0.171200064524,0.00552773
-0.166200064524,0.0457287
-0.161200064524,0.00552773
-0.156200064524,0.00552773
-0.151200064524,0.00552773
-0.146200064524,0.00552773
-0.141200064524,0.00552773
-0.136200064524,0.0457287
-0.131200064524,0.00552773
-0.126200064524,0.00552773
-0.121200064524,0.0457287
-0.116200064524,0.00552773
-0.111200064524,0.00552773
-0.106200064524,3.30201
-0.101200064524,3.30201
-0.0962000645244,0.0457287
-0.0912000645244,0.00552773
-0.0862000645244,0.00552773
-0.0812000645244,0.0457287
-0.0762000645244,0.00552773
-0.0712000645244,0.0457287
-0.0662000645244,0.00552773
-0.0612000645244,0.00552773
-0.0562000645244,0.0457287
-0.0512000645244,0.00552773
-0.0462000645244,0.00552773
-0.0412000645244,0.00552773
-0.0362000645244,0.00552773
-0.0312000645244,0.0457287
-0.0262000645244,0.00552773
-0.0212000645244,0.0457287
-0.0162000645244,0.00552773
-0.0112000645244,0.00552773
-0.00620006452437,3.30201
-0.00120006452438,3.26181
0.00379993547562,0.00552773
0.00879993547562,-0.0346732
0.0137999354756,0.0457287
0.0187999354756,0.00552773
0.0237999354756,0.00552773
0.0287999354756,0.0457287
0.0337999354756,0.0457287
0.0387999354756,0.0457287
0.0437999354756,0.00552773
0.0487999354756,0.00552773
0.0537999354756,0.00552773
0.0587999354756,0.00552773
0.0637999354756,0.00552773
0.0687999354756,0.00552773
0.0737999354756,0.0457287
0.0787999354756,0.00552773
0.0837999354756,0.00552773
0.0887999354756,0.0457287
0.0937999354756,3.30201
0.0987999354756,3.26181
0.103799935476,0.0457287
0.108799935476,0.00552773
0.113799935476,0.00552773
0.118799935476,0.00552773
0.123799935476,0.0457287
0.128799935476,0.0457287
0.133799935476,0.00552773
0.138799935476,0.00552773
0.143799935476,0.0457287
0.148799935476,0.00552773
0.153799935476,0.00552773
0.158799935476,0.00552773
0.163799935476,0.0457287
0.168799935476,0.0457287
0.173799935476,0.00552773
0.178799935476,0.0457287
0.183799935476,0.00552773
0.188799935476,0.00552773
0.193799935476,3.26181
0.198799935476,3.30201
0.203799935476,-0.0346732
0.208799935476,0.00552773
0.213799935476,-0.0346732
0.218799935476,0.0457287
0.223799935476,0.0457287
0.228799935476,0.00552773
0.233799935476,0.00552773
0.238799935476,0.0457287
0.243799935476,0.0457287
0.248799935476,0.00552773
0.253799935476,0.00552773
0.258799935476,0.00552773
0.263799935476,0.0457287
0.268799935476,0.00552773
0.273799935476,0.0457287
0.278799935476,0.00552773
0.283799935476,-0.0346732
0.288799935476,0.00552773
0.293799935476,3.30201
0.298799935476,3.30201
0.303799935476,0.00552773
0.308799935476,0.00552773
0.313799935476,0.00552773
0.318799935476,0.00552773
0.323799935476,0.00552773
0.328799935476,0.00552773
0.333799935476,0.00552773
0.338799935476,0.00552773
0.343799935476,0.00552773
0.348799935476,0.00552773
0.353799935476,0.00552773
0.358799935476,0.0457287
0.363799935476,0.00552773
0.368799935476,0.0457287
0.373799935476,0.0457287
0.378799935476,0.0457287
0.383799935476,-0.0346732
0.388799935476,0.00552773
0.393799935476,3.34221
0.398799935476,3.30201
0.403799935476,0.00552773
0.408799935476,0.0457287
0.413799935476,0.0457287
0.418799935476,0.00552773
0.423799935476,0.00552773
0.428799935476,0.0457287
0.433799935476,0.00552773
0.438799935476,0.00552773
0.443799935476,0.0457287
0.448799935476,0.00552773
0.453799935476,0.00552773
0.458799935476,0.00552773
0.463799935476,0.00552773
0.468799935476,0.0457287
0.473799935476,0.00552773
0.478799935476,0.00552773
0.483799935476,0.00552773
0.488799935476,0.0457287
0.493799935476,3.30201
0.498799935476,3.26181
0.503799935476,0.0457287
0.508799935476,-0.0346732
0.513799935476,0.00552773
0.518799935476,0.0457287
0.523799935476,0.00552773
0.528799935476,0.0457287
0.533799935476,0.00552773
0.538799935476,0.00552773
0.543799935476,0.0457287
0.548799935476,0.00552773
0.553799935476,0.00552773
0.558799935476,0.00552773
0.563799935476,0.0457287
0.568799935476,0.0457287
0.573799935476,0.00552773
0.578799935476,0.00552773
0.583799935476,0.0457287
0.588799935476,0.00552773
0.593799935476,3.26181
0.598799935476,3.30201
0.603799935476,-0.0346732
0.608799935476,0.00552773
0.613799935476,0.00552773
0.618799935476,0.00552773
0.623799935476,0.00552773
0.628799935476,0.0457287
0.633799935476,0.00552773
0.638799935476,0.00552773
0.643799935476,0.00552773
0.648799935476,0.00552773
0.653799935476,0.00552773
0.658799935476,0.00552773
0.663799935476,0.0457287
0.668799935476,0.00552773
0.673799935476,0.00552773
0.678799935476,0.00552773
0.683799935476,0.0457287
0.688799935476,-0.0346732
0.693799935476,3.30201
0.698799935476,3.26181
0.703799935476,-0.0346732
0.708799935476,0.00552773
0.713799935476,0.00552773
0.718799935476,0.00552773
0.723799935476,0.0457287
0.728799935476,0.00552773
0.733799935476,0.0457287
0.738799935476,0.0457287
0.743799935476,0.00552773
0.748799935476,0.0457287
0.753799935476,-0.0346732
0.758799935476,0.00552773
0.763799935476,0.0457287
0.768799935476,0.00552773
0.773799935476,0.00552773
0.778799935476,0.00552773
0.783799935476,0.0457287
0.788799935476,0.00552773
0.793799935476,3.30201
0.798799935476,3.30201
0.803799935476,0.0457287
0.808799935476,0.0457287
0.813799935476,0.0457287
0.818799935476,0.00552773
0.823799935476,0.00552773
0.828799935476,0.0457287
0.833799935476,0.00552773
0.838799935476,0.00552773
0.843799935476,0.00552773
0.848799935476,0.0457287
0.853799935476,0.0457287
0.858799935476,0.0457287
0.863799935476,0.00552773
0.868799935476,0.00552773
0.873799935476,0.0457287
0.878799935476,0.0457287
0.883799935476,0.00552773
0.888799935476,0.0457287
0.893799935476,3.30201
0.898799935476,3.26181
0.903799935476,0.00552773
0.908799935476,0.00552773
0.913799935476,0.00552773
0.918799935476,0.0457287
0.923799935476,0.00552773
0.928799935476,0.00552773
0.933799935476,0.00552773
0.938799935476,0.00552773
0.943799935476,0.00552773
0.948799935476,0.00552773
0.953799935476,0.00552773
0.958799935476,0.00552773
0.963799935476,0.00552773
0.968799935476,0.0457287
0.973799935476,0.00552773
0.978799935476,0.00552773
0.983799935476,0.0457287
0.988799935476,0.00552773
0.993799935476,3.30201
0.998799935476,3.30201
1.00379993548,0.00552773
1.00879993548,-0.0346732
1.01379993548,0.00552773
1.01879993548,0.00552773
1.02379993548,0.00552773
1.02879993548,0.00552773
1.03379993548,0.00552773
1.03879993548,0.00552773
1.04379993548,0.0859299
1.04879993548,0.00552773
1.05379993548,0.00552773
1.05879993548,0.00552773
1.06379993548,0.00552773
1.06879993548,0.00552773
1.07379993548,0.0457287
1.07879993548,0.00552773
1.08379993548,0.00552773
1.08879993548,0.00552773
1.09379993548,3.26181
1.09879993548,3.30201
1.10379993548,0.00552773
1.10879993548,0.00552773
1.11379993548,0.0457287
1.11879993548,0.00552773
1.12379993548,-0.0346732
1.12879993548,0.00552773
1.13379993548,0.00552773
1.13879993548,-0.0346732
1.14379993548,0.0457287
1.14879993548,0.00552773
1.15379993548,0.00552773
1.15879993548,0.0457287
1.16379993548,0.00552773
1.16879993548,0.0457287
1.17379993548,-0.0346732
1.17879993548,0.00552773
1.18379993548,0.00552773
1.18879993548,0.00552773
1.19379993548,3.34221
1.19879993548,3.30201
1.20379993548,0.00552773
1.20879993548,0.00552773
1.21379993548,0.00552773
1.21879993548,0.0457287
1.22379993548,0.00552773
1.22879993548,0.00552773
1.23379993548,0.00552773
1.23879993548,0.00552773
1.24379993548,0.00552773
1.24879993548,0.0457287
1.25379993548,0.00552773
1.25879993548,0.0457287
1.26379993548,0.00552773
1.26879993548,0.00552773
1.27379993548,0.00552773
1.27879993548,0.00552773
1.28379993548,0.00552773
1.28879993548,0.0457287
1.29379993548,3.26181
1.29879993548,3.30201
1.30379993548,0.0457287
1.30879993548,0.00552773
1.31379993548,0.00552773
1.31879993548,0.00552773
1.32379993548,0.00552773
1.32879993548,0.00552773
1.33379993548,0.00552773
1.33879993548,0.00552773
1.34379993548,0.00552773
1.34879993548,-0.0346732
1.35379993548,0.00552773
1.35879993548,0.00552773
1.36379993548,0.00552773
1.36879993548,0.00552773
1.37379993548,0.0457287
1.37879993548,0.0457287
1.38379993548,0.0457287
1.38879993548,0.00552773
1.39379993548,3.30201
1.39879993548,3.30201
1.40379993548,0.0457287
1.40879993548,0.0457287
1.41379993548,0.00552773
1.41879993548,0.0457287
1.42379993548,0.0457287
1.42879993548,0.00552773
1.43379993548,-0.0346732
1.43879993548,0.0457287
1.44379993548,0.00552773
1.44879993548,0.00552773
1.45379993548,0.00552773
1.45879993548,0.00552773
1.46379993548,0.0457287
1.46879993548,0.00552773
1.47379993548,0.00552773
1.47879993548,0.00552773
1.48379993548,0.00552773
1.48879993548,0.00552773
1.49379993548,3.26181
1.49879993548,3.30201
1.50379993548,0.0457287
1.50879993548,-0.0346732
1.51379993548,0.00552773
1.51879993548,0.00552773
1.52379993548,0.00552773
1.52879993548,0.00552773
1.53379993548,0.00552773
1.53879993548,0.00552773
1.54379993548,0.00552773
1.54879993548,0.0457287
1.55379993548,0.00552773
1.55879993548,0.00552773
1.56379993548,0.00552773
1.56879993548,-0.0346732
1.57379993548,0.00552773
1.57879993548,0.00552773
1.58379993548,0.00552773
1.58879993548,-0.0346732
1.59379993548,3.26181
1.59879993548,3.26181
1.60379993548,0.00552773
1.60879993548,0.00552773
1.61379993548,0.0457287
1.61879993548,0.00552773
1.62379993548,0.0457287
1.62879993548,0.00552773
1.63379993548,0.0457287
1.63879993548,0.00552773
1.64379993548,0.00552773
1.64879993548,0.00552773
1.65379993548,0.0457287
1.65879993548,-0.0346732
1.66379993548,0.00552773
1.66879993548,0.00552773
1.67379993548,0.0457287
1.67879993548,0.00552773
1.68379993548,0.00552773
1.68879993548,0.00552773
1.69379993548,3.30201
1.69879993548,3.26181
1.70379993548,0.00552773
1.70879993548,0.00552773
1.71379993548,0.0457287
1.71879993548,0.00552773
1.72379993548,0.00552773
1.72879993548,0.00552773
1.73379993548,0.0457287
1.73879993548,0.00552773
1.74379993548,0.00552773
1.74879993548,0.00552773
1.75379993548,0.00552773
1.75879993548,0.0457287
1.76379993548,0.00552773
1.76879993548,0.0457287
1.77379993548,0.00552773
1.77879993548,0.0457287
1.78379993548,0.00552773
1.78879993548,0.0457287
1.79379993548,3.26181
1.79879993548,3.30201
1.80379993548,0.00552773
1.80879993548,-0.0346732
1.81379993548,0.00552773
1.81879993548,-0.0346732
1.82379993548,0.0457287
1.82879993548,-0.0346732
1.83379993548,0.00552773
1.83879993548,0.00552773
1.84379993548,0.00552773
1.84879993548,0.0457287
1.85379993548,0.0457287
1.85879993548,0.00552773
1.86379993548,0.0457287
1.86879993548,-0.0346732
1.87379993548,-0.0346732
1.87879993548,0.00552773
1.88379993548,0.00552773
1.88879993548,0.0859299
1.89379993548,3.30201
1.89879993548,3.30201
1.90379993548,0.0457287
1.90879993548,0.0457287
1.91379993548,0.00552773
1.91879993548,-0.0346732
1.92379993548,0.00552773
1.92879993548,0.0457287
1.93379993548,0.00552773
1.93879993548,0.00552773
1.94379993548,0.0457287
1.94879993548,0.00552773
1.95379993548,0.00552773
1.95879993548,0.00552773
1.96379993548,0.00552773
1.96879993548,0.00552773
1.97379993548,0.00552773
1.97879993548,0.0457287
1.98379993548,-0.0346732
1.98879993548,0.00552773
1.99379993548,3.30201
1.99879993548,3.30201
2.00379993548,0.0457287
2.00879993548,0.0457287
2.01379993548,0.00552773
2.01879993548,0.00552773
2.02379993548,0.00552773
2.02879993548,0.00552773
2.03379993548,0.00552773
2.03879993548,0.0457287
2.04379993548,-0.0346732
2.04879993548,0.00552773
2.05379993548,0.0457287
2.05879993548,0.00552773
2.06379993548,0.00552773
2.06879993548,0.00552773
2.07379993548,0.00552773
2.07879993548,0.00552773
2.08379993548,0.00552773
2.08879993548,-0.0346732
2.09379993548,3.26181
2.09879993548,3.30201
2.10379993548,0.0457287
2.10879993548,0.0457287
2.11379993548,0.00552773
2.11879993548,0.00552773
2.12379993548,0.00552773
2.12879993548,0.00552773
2.13379993548,-0.0346732
2.13879993548,0.00552773
2.14379993548,0.00552773
2.14879993548,0.0457287
2.15379993548,0.0457287
2.15879993548,0.00552773
2.16379993548,0.00552773
2.16879993548,0.00552773
2.17379993548,0.00552773
2.17879993548,0.00552773
2.18379993548,0.00552773
2.18879993548,0.00552773
2.19379993548,3.26181
2.19879993548,3.30201
2.20379993548,0.0457287
2.20879993548,0.0457287
2.21379993548,0.00552773
2.21879993548,0.0859299
2.22379993548,0.00552773
2.22879993548,0.00552773
2.23379993548,0.00552773
2.23879993548,0.0457287
2.24379993548,0.00552773
2.24879993548,0.0457287
2.25379993548,0.0457287
2.25879993548,0.00552773
2.26379993548,0.00552773
2.26879993548,-0.0346732
2.27379993548,0.0457287
2.27879993548,0.00552773
2.28379993548,0.00552773
2.28879993548,0.0457287
2.29379993548,3.26181
2.29879993548,3.30201
2.30379993548,0.00552773
2.30879993548,0.00552773
2.31379993548,0.0457287
2.31879993548,0.00552773
2.32379993548,-0.0346732
2.32879993548,0.00552773
2.33379993548,-0.0346732
2.33879993548,-0.0346732
2.34379993548,0.00552773
2.34879993548,0.00552773
2.35379993548,0.00552773
2.35879993548,0.0457287
2.36379993548,0.00552773
2.36879993548,-0.0346732
2.37379993548,0.00552773
2.37879993548,0.00552773
2.38379993548,0.0457287
2.38879993548,0.00552773
2.39379993548,3.26181
2.39879993548,3.30201
2.40379993548,0.0457287
2.40879993548,0.0457287
2.41379993548,0.00552773
2.41879993548,0.00552773
2.42379993548,0.00552773
2.42879993548,0.00552773
2.43379993548,-0.0346732
2.43879993548,0.00552773
2.44379993548,-0.0346732
2.44879993548,-0.0346732
2.45379993548,0.0457287
2.45879993548,0.0457287
2.46379993548,-0.0346732
2.46879993548,0.00552773
2.47379993548,0.00552773
2.47879993548,0.00552773
2.48379993548,0.0859299
2.48879993548,0.0457287
2.49379993548,3.26181
2.49879993548,3.30201
2.50379993548,0.0457287
2.50879993548,0.0457287
2.51379993548,0.0457287
2.51879993548,0.0457287
2.52379993548,0.00552773
2.52879993548,0.00552773
2.53379993548,-0.0346732
2.53879993548,0.00552773
2.54379993548,0.00552773
2.54879993548,0.00552773
2.55379993548,0.00552773
2.55879993548,0.00552773
2.56379993548,0.00552773
2.56879993548,0.0457287
2.57379993548,0.0457287
2.57879993548,0.00552773
2.58379993548,0.0457287
2.58879993548,0.00552773
2.59379993548,3.30201
2.59879993548,3.26181
2.60379993548,0.0457287
2.60879993548,0.0457287
2.61379993548,0.0457287
2.61879993548,0.00552773
2.62379993548,0.00552773
2.62879993548,0.0457287
2.63379993548,0.00552773
2.63879993548,0.0457287
2.64379993548,0.00552773
2.64879993548,0.0457287
2.65379993548,0.00552773
2.65879993548,-0.0346732
2.66379993548,-0.0346732
2.66879993548,0.00552773
2.67379993548,0.00552773
2.67879993548,0.00552773
2.68379993548,0.00552773
2.68879993548,0.0457287
2.69379993548,3.26181
2.69879993548,3.30201
2.70379993548,0.00552773
2.70879993548,0.00552773
2.71379993548,-0.0346732
2.71879993548,0.00552773
2.72379993548,0.00552773
2.72879993548,0.00552773
2.73379993548,0.00552773
2.73879993548,0.0457287
2.74379993548,0.00552773
2.74879993548,0.0457287
2.75379993548,0.00552773
2.75879993548,0.00552773
2.76379993548,0.00552773
2.76879993548,0.00552773
2.77379993548,0.0457287
2.77879993548,0.00552773
2.78379993548,0.0457287
2.78879993548,-0.0346732
2.79379993548,3.30201
2.79879993548,3.26181
2.80379993548,0.00552773
2.80879993548,0.0457287
2.81379993548,0.00552773
2.81879993548,0.00552773
2.82379993548,0.0457287
2.82879993548,0.00552773
2.83379993548,-0.0346732
2.83879993548,0.00552773
2.84379993548,0.0457287
2.84879993548,0.00552773
2.85379993548,-0.0346732
2.85879993548,0.00552773
2.86379993548,0.00552773
2.86879993548,0.0457287
2.87379993548,0.0457287
2.87879993548,0.0457287
2.88379993548,0.00552773
2.88879993548,0.0457287
2.89379993548,3.26181
2.89879993548,3.30201
2.90379993548,0.00552773
2.90879993548,0.00552773
2.91379993548,0.00552773
2.91879993548,0.0457287
2.92379993548,0.00552773
2.92879993548,0.00552773
2.93379993548,0.0457287
2.93879993548,0.00552773
2.94379993548,0.00552773
2.94879993548,-0.0346732
2.95379993548,0.0457287
2.95879993548,-0.0346732
2.96379993548,0.0457287
2.96879993548,0.0457287
2.97379993548,0.00552773
2.97879993548,0.0457287
2.98379993548,0.0457287
2.98879993548,0.00552773
2.99379993548,3.26181
2.99879993548,3.30201
3.00379993548,0.00552773
3.00879993548,-0.0346732
3.01379993548,0.00552773
3.01879993548,0.00552773
3.02379993548,0.00552773
3.02879993548,0.00552773
3.03379993548,0.00552773
3.03879993548,0.00552773
3.04379993548,0.0457287
3.04879993548,0.00552773
3.05379993548,0.00552773
3.05879993548,0.00552773
3.06379993548,0.0457287
3.06879993548,0.00552773
3.07379993548,0.00552773
3.07879993548,-0.0346732
3.08379993548,-0.0346732
3.08879993548,0.00552773
3.09379993548,3.30201
3.09879993548,3.30201
3.10379993548,0.00552773
3.10879993548,0.0457287
3.11379993548,0.00552773
3.11879993548,0.0457287
3.12379993548,0.00552773
3.12879993548,-0.0346732
3.13379993548,0.0457287
3.13879993548,0.0457287
3.14379993548,0.0457287
3.14879993548,0.00552773
3.15379993548,0.00552773
3.15879993548,0.00552773
3.16379993548,0.0457287
3.16879993548,0.00552773
3.17379993548,0.0457287
3.17879993548,0.00552773
3.18379993548,-0.0346732
3.18879993548,0.0457287
3.19379993548,3.26181
3.19879993548,3.30201
3.20379993548,0.00552773
3.20879993548,0.00552773
3.21379993548,0.00552773
3.21879993548,0.00552773
3.22379993548,0.00552773
3.22879993548,0.00552773
3.23379993548,0.00552773
3.23879993548,0.00552773
3.24379993548,0.0457287
3.24879993548,0.00552773
3.25379993548,0.00552773
3.25879993548,-0.0346732
3.26379993548,0.00552773
3.26879993548,0.00552773
3.27379993548,0.00552773
3.27879993548,0.00552773
3.28379993548,0.00552773
3.28879993548,0.0457287
3.29379993548,3.26181
3.29879993548,3.30201
3.30379993548,0.00552773
3.30879993548,0.00552773
3.31379993548,0.0457287
3.31879993548,0.00552773
3.32379993548,0.00552773
3.32879993548,0.0457287
3.33379993548,0.00552773
3.33879993548,0.00552773
3.34379993548,0.00552773
3.34879993548,0.0457287
3.35379993548,0.00552773
3.35879993548,0.0457287
3.36379993548,0.00552773
3.36879993548,0.0457287
3.37379993548,0.0457287
3.37879993548,0.00552773
3.38379993548,0.00552773
3.38879993548,0.0457287
3.39379993548,3.30201
3.39879993548,3.30201
3.40379993548,0.00552773
3.40879993548,0.0457287
3.41379993548,0.0457287
3.41879993548,0.00552773
3.42379993548,0.0457287
3.42879993548,0.00552773
3.43379993548,0.00552773
3.43879993548,0.0457287
3.44379993548,0.00552773
3.44879993548,0.00552773
3.45379993548,0.0457287
3.45879993548,0.00552773
3.46379993548,0.00552773
3.46879993548,0.0457287
3.47379993548,0.0457287
3.47879993548,0.00552773
3.48379993548,0.00552773
3.48879993548,0.0457287
3.49379993548,3.30201
3.49879993548,3.30201
3.50379993548,0.00552773
3.50879993548,0.00552773
3.51379993548,0.0457287
3.51879993548,0.00552773
3.52379993548,0.00552773
3.52879993548,0.0457287
3.53379993548,0.0457287
3.53879993548,0.00552773
3.54379993548,0.0457287
3.54879993548,0.0457287
3.55379993548,0.00552773
3.55879993548,0.00552773
3.56379993548,0.00552773
3.56879993548,0.00552773
3.57379993548,0.00552773
3.57879993548,0.00552773
3.58379993548,0.00552773
3.58879993548,0.00552773
3.59379993548,3.26181
3.59879993548,3.30201
3.60379993548,0.0457287
3.60879993548,0.00552773
3.61379993548,0.0457287
3.61879993548,0.00552773
3.62379993548,0.00552773
3.62879993548,0.00552773
3.63379993548,-0.0346732
3.63879993548,0.00552773
3.64379993548,0.0457287
3.64879993548,0.0457287
3.65379993548,0.00552773
3.65879993548,0.00552773
3.66379993548,0.0457287
3.66879993548,0.0457287
3.67379993548,0.00552773
3.67879993548,0.00552773
3.68379993548,0.00552773
3.68879993548,0.0457287
3.69379993548,3.30201
3.69879993548,3.26181
3.70379993548,0.00552773
3.70879993548,0.00552773
3.71379993548,0.0457287
3.71879993548,0.00552773
3.72379993548,0.00552773
3.72879993548,0.0457287
3.73379993548,0.00552773
3.73879993548,0.0457287
3.74379993548,0.00552773
3.74879993548,0.00552773
3.75379993548,0.0457287
3.75879993548,0.00552773
3.76379993548,0.0457287
3.76879993548,0.00552773
3.77379993548,0.00552773
3.77879993548,-0.0346732
3.78379993548,-0.0346732
3.78879993548,0.00552773
3.79379993548,3.30201
3.79879993548,3.26181
3.80379993548,0.0457287
3.80879993548,0.0457287
3.81379993548,0.00552773
3.81879993548,0.00552773
3.82379993548,0.00552773
3.82879993548,0.0457287
3.83379993548,0.00552773
3.83879993548,0.00552773
3.84379993548,0.00552773
3.84879993548,0.00552773
3.85379993548,0.00552773
3.85879993548,0.00552773
3.86379993548,-0.0346732
3.86879993548,0.00552773
3.87379993548,0.00552773
3.87879993548,0.00552773
3.88379993548,0.0457287
3.88879993548,0.00552773
3.89379993548,3.30201
3.89879993548,3.26181
3.90379993548,0.00552773
3.90879993548,0.00552773
3.91379993548,0.00552773
3.91879993548,0.00552773
3.92379993548,0.00552773
3.92879993548,0.0457287
3.93379993548,0.00552773
3.93879993548,0.00552773
3.94379993548,0.00552773
3.94879993548,0.00552773
3.95379993548,0.00552773
3.95879993548,0.00552773
3.96379993548,0.00552773
3.96879993548,0.0457287
3.97379993548,0.00552773
3.97879993548,0.0457287
3.98379993548,0.00552773
3.98879993548,0.00552773
3.99379993548,3.34221
3.99879993548,3.26181
4.00379993548,0.0457287
4.00879993548,0.0457287
4.01379993548,0.0457287
4.01879993548,0.0457287
4.02379993548,0.00552773
4.02879993548,0.00552773
4.03379993548,0.00552773
4.03879993548,0.00552773
4.04379993548,0.00552773
4.04879993548,0.00552773
4.05379993548,0.00552773
4.05879993548,0.00552773
4.06379993548,0.00552773
4.06879993548,0.00552773
4.07379993548,0.00552773
4.07879993548,0.0457287
4.08379993548,0.0457287
4.08879993548,0.00552773
4.09379993548,3.26181
4.09879993548,3.30201
4.10379993548,0.0457287
4.10879993548,0.00552773
4.11379993548,0.00552773
4.11879993548,0.00552773
4.12379993548,0.0457287
4.12879993548,0.0457287
4.13379993548,0.00552773
4.13879993548,0.0457287
4.14379993548,0.0457287
4.14879993548,0.0457287
4.15379993548,0.0457287
4.15879993548,0.00552773
4.16379993548,0.00552773
4.16879993548,0.00552773
4.17379993548,0.0457287
4.17879993548,0.00552773
4.18379993548,0.00552773
4.18879993548,0.00552773
4.19379993548,3.30201
4.19879993548,3.26181
4.20379993548,0.00552773
4.20879993548,0.00552773
4.21379993548,0.00552773
4.21879993548,0.0457287
4.22379993548,0.00552773
4.22879993548,-0.0346732
4.23379993548,0.0457287
4.23879993548,0.00552773
4.24379993548,0.0457287
4.24879993548,0.00552773
4.25379993548,-0.0346732
4.25879993548,0.00552773
4.26379993548,0.00552773
4.26879993548,-0.0346732
4.27379993548,0.0457287
4.27879993548,0.0457287
4.28379993548,0.0457287
4.28879993548,0.00552773
4.29379993548,3.30201
4.29879993548,3.34221
4.30379993548,0.00552773
4.30879993548,0.0457287
4.31379993548,0.00552773
4.31879993548,0.00552773
4.32379993548,0.00552773
4.32879993548,0.00552773
4.33379993548,0.00552773
4.33879993548,0.0457287
4.34379993548,0.00552773
4.34879993548,0.00552773
4.35379993548,0.0457287
4.35879993548,0.00552773
4.36379993548,0.00552773
4.36879993548,0.00552773
4.37379993548,0.0457287
4.37879993548,0.0457287
4.38379993548,0.0457287
4.38879993548,0.00552773
4.39379993548,3.30201
4.39879993548,3.30201
4.40379993548,0.00552773
4.40879993548,0.00552773
4.41379993548,0.0457287
4.41879993548,0.00552773
4.42379993548,0.0457287
4.42879993548,0.0457287
4.43379993548,0.0457287
4.43879993548,0.0457287
4.44379993548,0.0457287
4.44879993548,0.0457287
4.45379993548,-0.0346732
4.45879993548,0.00552773
4.46379993548,0.0457287
4.46879993548,0.00552773
4.47379993548,0.0457287
4.47879993548,0.00552773
4.48379993548,0.00552773
4.48879993548,0.0457287
4.49379993548,3.30201
4.49879993548,3.26181
4.50379993548,0.00552773
4.50879993548,0.00552773
4.51379993548,0.00552773
4.51879993548,0.00552773
4.52379993548,0.00552773
4.52879993548,0.00552773
4.53379993548,0.00552773
4.53879993548,0.00552773
4.54379993548,0.0457287
4.54879993548,0.00552773
4.55379993548,0.00552773
4.55879993548,0.00552773
4.56379993548,0.00552773
4.56879993548,0.00552773
4.57379993548,0.00552773
4.57879993548,0.00552773
4.58379993548,0.0457287
4.58879993548,0.00552773
4.59379993548,3.30201
4.59879993548,3.30201
4.60379993548,0.00552773
4.60879993548,0.00552773
4.61379993548,0.0457287
4.61879993548,0.00552773
4.62379993548,0.00552773
4.62879993548,0.00552773
4.63379993548,0.0457287
4.63879993548,-0.0346732
4.64379993548,-0.0346732
4.64879993548,0.0457287
4.65379993548,0.0457287
4.65879993548,0.00552773
4.66379993548,0.0457287
4.66879993548,0.00552773
4.67379993548,-0.0346732
4.67879993548,0.00552773
4.68379993548,0.00552773
4.68879993548,0.0457287
4.69379993548,3.30201
4.69879993548,3.30201
4.70379993548,-0.0346732
4.70879993548,0.0457287
4.71379993548,0.00552773
4.71879993548,0.0457287
4.72379993548,0.0457287
4.72879993548,0.0457287
4.73379993548,0.00552773
4.73879993548,0.00552773
4.74379993548,0.00552773
4.74879993548,0.00552773
4.75379993548,0.00552773
4.75879993548,0.00552773
4.76379993548,0.0457287
4.76879993548,0.0457287
4.77379993548,0.0457287
4.77879993548,-0.0346732
4.78379993548,0.0457287
4.78879993548,0.0457287
4.79379993548,3.26181
4.79879993548,3.26181
4.80379993548,0.00552773
4.80879993548,0.00552773
4.81379993548,0.00552773
4.81879993548,0.0457287
4.82379993548,0.0457287
4.82879993548,0.0457287
4.83379993548,0.00552773
4.83879993548,0.00552773
4.84379993548,0.0457287
4.84879993548,0.0457287
4.85379993548,0.00552773
4.85879993548,0.00552773
4.86379993548,0.0457287
4.86879993548,-0.0346732
4.87379993548,0.00552773
4.87879993548,0.00552773
4.88379993548,0.00552773
4.88879993548,0.0457287
4.89379993548,3.30201
4.89879993548,3.30201
4.90379993548,-0.0346732
4.90879993548,0.00552773
4.91379993548,0.0457287
4.91879993548,0.00552773
4.92379993548,0.0457287
4.92879993548,0.00552773
4.93379993548,0.0457287
4.93879993548,0.0457287
4.94379993548,0.00552773
4.94879993548,0.0457287
4.95379993548,0.00552773
4.95879993548,-0.0346732
4.96379993548,-0.0346732
4.96879993548,0.0457287
4.97379993548,0.0457287
4.97879993548,0.00552773
4.98379993548,0.00552773
4.98879993548,0.00552773
4.99379993548,3.30201