x-axis,1,3
second,Volt,Volt
-3.508300E+00,+3.271231E+00,+3.266080E+00
-3.503300E+00,+3.241080E+00,+3.266080E+00
-3.498300E+00,-55.402E-03,+19.849E-03
-3.493300E+00,-25.251E-03,-10.302E-03
-3.488300E+00,-55.402E-03,+19.849E-03
-3.483300E+00,-55.402E-03,-30.402E-03
-3.478300E+00,-75.503E-03,-251E-06
-3.473300E+00,-25.251E-03,-30.402E-03
-3.468300E+00,+45.101E-03,-30.402E-03
-3.463300E+00,+25.000E-03,+19.849E-03
-3.458300E+00,-25.251E-03,-30.402E-03
-3.453300E+00,-55.402E-03,+50.000E-03
-3.448300E+00,-5.151E-03,-40.452E-03
-3.443300E+00,+25.000E-03,-251E-06
-3.438300E+00,-5.151E-03,-30.402E-03
-3.433300E+00,-5.151E-03,+19.849E-03
-3.428300E+00,-25.251E-03,-251E-06
-3.423300E+00,-5.151E-03,-30.402E-03
-3.418300E+00,-5.151E-03,-30.402E-03
-3.413300E+00,-25.251E-03,-251E-06
-3.408300E+00,+3.241080E+00,+3.266080E+00
-3.403300E+00,+3.271231E+00,+3.266080E+00
-3.398300E+00,-5.151E-03,+19.849E-03
-3.393300E+00,-25.251E-03,+19.849E-03
-3.388300E+00,+25.000E-03,-80.653E-03
-3.383300E+00,-55.402E-03,+50.000E-03
-3.378300E+00,-25.251E-03,-30.402E-03
-3.373300E+00,-5.151E-03,-30.402E-03
-3.368300E+00,-25.251E-03,+19.849E-03
-3.363300E+00,-25.251E-03,+19.849E-03
-3.358300E+00,+75.251E-03,-30.402E-03
-3.353300E+00,-5.151E-03,-30.402E-03
-3.348300E+00,+25.000E-03,-30.402E-03
-3.343300E+00,-75.503E-03,-30.402E-03
-3.338300E+00,-5.151E-03,-251E-06
-3.333300E+00,+25.000E-03,+50.000E-03
-3.328300E+00,+14.950E-03,+50.000E-03
-3.323300E+00,-5.151E-03,+19.849E-03
-3.318300E+00,-25.251E-03,-80.653E-03
-3.313300E+00,-5.151E-03,-30.402E-03
-3.308300E+00,+3.241080E+00,+3.266080E+00
-3.303300E+00,+3.291332E+00,+3.185678E+00
-3.298300E+00,-5.151E-03,-251E-06
-3.293300E+00,+25.000E-03,-30.402E-03
-3.288300E+00,-5.151E-03,+19.849E-03
-3.283300E+00,+25.000E-03,-30.402E-03
-3.278300E+00,-5.151E-03,+19.849E-03
-3.273300E+00,-55.402E-03,-251E-06
-3.268300E+00,+75.251E-03,-80.653E-03
-3.263300E+00,+25.000E-03,-30.402E-03
-3.258300E+00,+25.000E-03,-251E-06
-3.253300E+00,-25.251E-03,-251E-06
-3.248300E+00,+25.000E-03,-10.302E-03
-3.243300E+00,+25.000E-03,-60.553E-03
-3.238300E+00,+25.000E-03,-80.653E-03
-3.233300E+00,-5.151E-03,-251E-06
-3.228300E+00,+25.000E-03,-80.653E-03
-3.223300E+00,-25.251E-03,+19.849E-03
-3.218300E+00,-55.402E-03,-30.402E-03
-3.213300E+00,-25.251E-03,+50.000E-03
-3.208300E+00,+3.321482E+00,+3.266080E+00
-3.203300E+00,+3.271231E+00,+3.235930E+00
-3.198300E+00,-25.251E-03,-30.402E-03
-3.193300E+00,+25.000E-03,-30.402E-03
-3.188300E+00,-55.402E-03,-30.402E-03
-3.183300E+00,-5.151E-03,-30.402E-03
-3.178300E+00,-25.251E-03,-30.402E-03
-3.173300E+00,-55.402E-03,-30.402E-03
-3.168300E+00,-105.653E-03,-251E-06
-3.163300E+00,-55.402E-03,+19.849E-03
-3.158300E+00,-25.251E-03,+19.849E-03
-3.153300E+00,+25.000E-03,-30.402E-03
-3.148300E+00,-25.251E-03,-60.553E-03
-3.143300E+00,-5.151E-03,-251E-06
-3.138300E+00,+25.000E-03,+50.000E-03
-3.133300E+00,-25.251E-03,-30.402E-03
-3.128300E+00,-5.151E-03,+19.849E-03
-3.123300E+00,+25.000E-03,-251E-06
-3.118300E+00,+25.000E-03,-30.402E-03
-3.113300E+00,-25.251E-03,+50.000E-03
-3.108300E+00,+3.271231E+00,+3.235930E+00
-3.103300E+00,+3.291332E+00,+3.266080E+00
-3.098300E+00,+25.000E-03,-110.804E-03
-3.093300E+00,-55.402E-03,-10.302E-03
-3.088300E+00,-5.151E-03,-251E-06
-3.083300E+00,-25.251E-03,-30.402E-03
-3.078300E+00,-55.402E-03,-30.402E-03
-3.073300E+00,-5.151E-03,-251E-06
-3.068300E+00,+25.000E-03,-30.402E-03
-3.063300E+00,+25.000E-03,-30.402E-03
-3.058300E+00,+25.000E-03,+50.000E-03
-3.053300E+00,+45.101E-03,-80.653E-03
-3.048300E+00,-25.251E-03,-30.402E-03
-3.043300E+00,-5.151E-03,+19.849E-03
-3.038300E+00,+25.000E-03,-10.302E-03
-3.033300E+00,-5.151E-03,-251E-06
-3.028300E+00,-55.402E-03,+19.849E-03
-3.023300E+00,-55.402E-03,-30.402E-03
-3.018300E+00,-25.251E-03,-30.402E-03
-3.013300E+00,-25.251E-03,-60.553E-03
-3.008300E+00,+3.261181E+00,+2.029899E+00
-3.003300E+00,+3.271231E+00,+3.266080E+00
-2.998300E+00,-75.503E-03,-130.905E-03
-2.993300E+00,-5.151E-03,-30.402E-03
-2.988300E+00,+25.000E-03,-30.402E-03
-2.983300E+00,+75.251E-03,-251E-06
-2.978300E+00,-25.251E-03,-10.302E-03
-2.973300E+00,-25.251E-03,-30.402E-03
-2.968300E+00,+55.151E-03,-60.553E-03
-2.963300E+00,-55.402E-03,-80.653E-03
-2.958300E+00,+25.000E-03,-30.402E-03
-2.953300E+00,-75.503E-03,-251E-06
-2.948300E+00,-55.402E-03,+19.849E-03
-2.943300E+00,-55.402E-03,+29.899E-03
-2.938300E+00,-25.251E-03,+19.849E-03
-2.933300E+00,+75.251E-03,+19.849E-03
-2.928300E+00,-5.151E-03,-80.653E-03
-2.923300E+00,-5.151E-03,-30.402E-03
-2.918300E+00,-55.402E-03,-30.402E-03
-2.913300E+00,-5.151E-03,-30.402E-03
-2.908300E+00,+3.271231E+00,+3.266080E+00
-2.903300E+00,+3.271231E+00,+3.316332E+00
-2.898300E+00,+25.000E-03,+19.849E-03
-2.893300E+00,-55.402E-03,-251E-06
-2.888300E+00,-5.151E-03,-30.402E-03
-2.883300E+00,-5.151E-03,-251E-06
-2.878300E+00,+25.000E-03,-10.302E-03
-2.873300E+00,-25.251E-03,-60.553E-03
-2.868300E+00,-25.251E-03,-50.503E-03
-2.863300E+00,-5.151E-03,+50.000E-03
-2.858300E+00,-25.251E-03,-30.402E-03
-2.853300E+00,+55.151E-03,+19.849E-03
-2.848300E+00,-75.503E-03,-30.402E-03
-2.843300E+00,+75.251E-03,-251E-06
-2.838300E+00,-25.251E-03,-10.302E-03
-2.833300E+00,-55.402E-03,+19.849E-03
-2.828300E+00,+75.251E-03,-30.402E-03
-2.823300E+00,-55.402E-03,-251E-06
-2.818300E+00,-55.402E-03,-30.402E-03
-2.813300E+00,-25.251E-03,-30.402E-03
-2.808300E+00,+3.271231E+00,+3.215829E+00
-2.803300E+00,+3.291332E+00,+3.266080E+00
-2.798300E+00,-25.251E-03,+19.849E-03
-2.793300E+00,-25.251E-03,-251E-06
-2.788300E+00,+25.000E-03,-60.553E-03
-2.783300E+00,-55.402E-03,-251E-06
-2.778300E+00,+25.000E-03,+19.849E-03
-2.773300E+00,+25.000E-03,+50.000E-03
-2.768300E+00,-55.402E-03,-251E-06
-2.763300E+00,+45.101E-03,-30.402E-03
-2.758300E+00,-25.251E-03,+19.849E-03
-2.753300E+00,-25.251E-03,-30.402E-03
-2.748300E+00,-55.402E-03,-30.402E-03
-2.743300E+00,-5.151E-03,-80.653E-03
-2.738300E+00,-55.402E-03,-251E-06
-2.733300E+00,+25.000E-03,-50.503E-03
-2.728300E+00,+25.000E-03,-30.402E-03
-2.723300E+00,-55.402E-03,-251E-06
-2.718300E+00,-25.251E-03,-251E-06
-2.713300E+00,-55.402E-03,-251E-06
-2.708300E+00,+3.271231E+00,+3.266080E+00
-2.703300E+00,+3.291332E+00,+3.235930E+00
-2.698300E+00,+25.000E-03,-30.402E-03
-2.693300E+00,-5.151E-03,-251E-06
-2.688300E+00,-25.251E-03,+19.849E-03
-2.683300E+00,-55.402E-03,-10.302E-03
-2.678300E+00,+25.000E-03,-30.402E-03
-2.673300E+00,-55.402E-03,+19.849E-03
-2.668300E+00,-25.251E-03,-251E-06
-2.663300E+00,-55.402E-03,-30.402E-03
-2.658300E+00,+25.000E-03,+50.000E-03
-2.653300E+00,+25.000E-03,-60.553E-03
-2.648300E+00,+25.000E-03,+19.849E-03
-2.643300E+00,-35.302E-03,-80.653E-03
-2.638300E+00,-5.151E-03,+19.849E-03
-2.633300E+00,-55.402E-03,-110.804E-03
-2.628300E+00,-5.151E-03,-251E-06
-2.623300E+00,-35.302E-03,-30.402E-03
-2.618300E+00,-25.251E-03,+50.000E-03
-2.613300E+00,-55.402E-03,+50.000E-03
-2.608300E+00,+3.321482E+00,-80.653E-03
-2.603300E+00,+3.241080E+00,+3.266080E+00
-2.598300E+00,-5.151E-03,-60.553E-03
-2.593300E+00,-25.251E-03,-251E-06
-2.588300E+00,-25.251E-03,+19.849E-03
-2.583300E+00,-25.251E-03,-30.402E-03
-2.578300E+00,-5.151E-03,+19.849E-03
-2.573300E+00,-5.151E-03,-30.402E-03
-2.568300E+00,-5.151E-03,-251E-06
-2.563300E+00,-25.251E-03,-80.653E-03
-2.558300E+00,-35.302E-03,-251E-06
-2.553300E+00,-55.402E-03,-30.402E-03
-2.548300E+00,-25.251E-03,-30.402E-03
-2.543300E+00,+25.000E-03,-60.553E-03
-2.538300E+00,-5.151E-03,-30.402E-03
-2.533300E+00,-5.151E-03,-30.402E-03
-2.528300E+00,-55.402E-03,-80.653E-03
-2.523300E+00,+25.000E-03,-80.653E-03
-2.518300E+00,+25.000E-03,-251E-06
-2.513300E+00,-25.251E-03,-60.553E-03
-2.508300E+00,+3.241080E+00,+3.215829E+00
-2.503300E+00,+3.271231E+00,+3.215829E+00
-2.498300E+00,-105.653E-03,+50.000E-03
-2.493300E+00,-5.151E-03,-10.302E-03
-2.488300E+00,-5.151E-03,-20.352E-03
-2.483300E+00,+25.000E-03,+19.849E-03
-2.478300E+00,+25.000E-03,-30.402E-03
-2.473300E+00,-25.251E-03,-251E-06
-2.468300E+00,+25.000E-03,-251E-06
-2.463300E+00,-25.251E-03,-251E-06
-2.458300E+00,+25.000E-03,-80.653E-03
-2.453300E+00,+25.000E-03,+19.849E-03
-2.448300E+00,-25.251E-03,-251E-06
-2.443300E+00,-55.402E-03,-30.402E-03
-2.438300E+00,+25.000E-03,-30.402E-03
-2.433300E+00,-25.251E-03,-30.402E-03
-2.428300E+00,-85.553E-03,-251E-06
-2.423300E+00,-5.151E-03,-30.402E-03
-2.418300E+00,+25.000E-03,-60.553E-03
-2.413300E+00,-25.251E-03,+50.000E-03
-2.408300E+00,+3.241080E+00,+3.195729E+00
-2.403300E+00,+3.241080E+00,+3.266080E+00
-2.398300E+00,-5.151E-03,-251E-06
-2.393300E+00,+25.000E-03,-10.302E-03
-2.388300E+00,-55.402E-03,-251E-06
-2.383300E+00,+25.000E-03,+19.849E-03
-2.378300E+00,+45.101E-03,+50.000E-03
-2.373300E+00,-25.251E-03,-30.402E-03
-2.368300E+00,+25.000E-03,-80.653E-03
-2.363300E+00,+25.000E-03,-30.402E-03
-2.358300E+00,-5.151E-03,-251E-06
-2.353300E+00,-5.151E-03,-80.653E-03
-2.348300E+00,+25.000E-03,-50.503E-03
-2.343300E+00,-5.151E-03,-251E-06
-2.338300E+00,-55.402E-03,-251E-06
-2.333300E+00,-75.503E-03,-30.402E-03
-2.328300E+00,-5.151E-03,+50.000E-03
-2.323300E+00,-55.402E-03,+19.849E-03
-2.318300E+00,-25.251E-03,-30.402E-03
-2.313300E+00,+25.000E-03,-10.302E-03
-2.308300E+00,+3.291332E+00,+3.296231E+00
-2.303300E+00,+3.271231E+00,+3.235930E+00
-2.298300E+00,-5.151E-03,-30.402E-03
-2.293300E+00,-55.402E-03,-30.402E-03
-2.288300E+00,-25.251E-03,+19.849E-03
-2.283300E+00,+25.000E-03,+19.849E-03
-2.278300E+00,-55.402E-03,-30.402E-03
-2.273300E+00,-35.302E-03,-251E-06
-2.268300E+00,-25.251E-03,-30.402E-03
-2.263300E+00,-25.251E-03,-251E-06
-2.258300E+00,+25.000E-03,+50.000E-03
-2.253300E+00,+75.251E-03,+50.000E-03
-2.248300E+00,-5.151E-03,-80.653E-03
-2.243300E+00,-5.151E-03,+19.849E-03
-2.238300E+00,-55.402E-03,+19.849E-03
-2.233300E+00,-25.251E-03,+19.849E-03
-2.228300E+00,-5.151E-03,-30.402E-03
-2.223300E+00,-25.251E-03,-60.553E-03
-2.218300E+00,-55.402E-03,-30.402E-03
-2.213300E+00,-25.251E-03,-30.402E-03
-2.208300E+00,+3.241080E+00,+3.296231E+00
-2.203300E+00,+3.241080E+00,+3.266080E+00
-2.198300E+00,+25.000E-03,-30.402E-03
-2.193300E+00,+25.000E-03,-251E-06
-2.188300E+00,-55.402E-03,-30.402E-03
-2.183300E+00,+25.000E-03,+50.000E-03
-2.178300E+00,-105.653E-03,-30.402E-03
-2.173300E+00,-25.251E-03,-30.402E-03
-2.168300E+00,-25.251E-03,-30.402E-03
-2.163300E+00,+25.000E-03,-10.302E-03
-2.158300E+00,-55.402E-03,-251E-06
-2.153300E+00,-5.151E-03,-30.402E-03
-2.148300E+00,+25.000E-03,-10.302E-03
-2.143300E+00,-25.251E-03,-30.402E-03
-2.138300E+00,+25.000E-03,-80.653E-03
-2.133300E+00,+25.000E-03,-30.402E-03
-2.128300E+00,-5.151E-03,-251E-06
-2.123300E+00,-55.402E-03,+19.849E-03
-2.118300E+00,+25.000E-03,-251E-06
-2.113300E+00,-55.402E-03,-30.402E-03
-2.108300E+00,+3.291332E+00,+3.266080E+00
-2.103300E+00,+3.271231E+00,+3.296231E+00
-2.098300E+00,-5.151E-03,+19.849E-03
-2.093300E+00,-55.402E-03,-30.402E-03
-2.088300E+00,-5.151E-03,-251E-06
-2.083300E+00,-5.151E-03,-251E-06
-2.078300E+00,+75.251E-03,-30.402E-03
-2.073300E+00,+25.000E-03,-251E-06
-2.068300E+00,-5.151E-03,-251E-06
-2.063300E+00,-25.251E-03,-30.402E-03
-2.058300E+00,-5.151E-03,+19.849E-03
-2.053300E+00,+4.899E-03,-30.402E-03
-2.048300E+00,+25.000E-03,+19.849E-03
-2.043300E+00,-5.151E-03,-30.402E-03
-2.038300E+00,-55.402E-03,-30.402E-03
-2.033300E+00,-75.503E-03,-251E-06
-2.028300E+00,-25.251E-03,-30.402E-03
-2.023300E+00,-25.251E-03,-80.653E-03
-2.018300E+00,+25.000E-03,-30.402E-03
-2.013300E+00,-25.251E-03,-30.402E-03
-2.008300E+00,+3.291332E+00,+3.316332E+00
-2.003300E+00,+3.241080E+00,+3.215829E+00
-1.998300E+00,-5.151E-03,-30.402E-03
-1.993300E+00,-5.151E-03,-30.402E-03
-1.988300E+00,-5.151E-03,+19.849E-03
-1.983300E+00,-5.151E-03,+19.849E-03
-1.978300E+00,-5.151E-03,+19.849E-03
-1.973300E+00,-5.151E-03,-251E-06
-1.968300E+00,+25.000E-03,-30.402E-03
-1.963300E+00,+25.000E-03,+19.849E-03
-1.958300E+00,-5.151E-03,+19.849E-03
-1.953300E+00,-5.151E-03,-10.302E-03
-1.948300E+00,-25.251E-03,-50.503E-03
-1.943300E+00,-5.151E-03,-10.302E-03
-1.938300E+00,-25.251E-03,-30.402E-03
-1.933300E+00,-25.251E-03,-60.553E-03
-1.928300E+00,+25.000E-03,-251E-06
-1.923300E+00,-25.251E-03,+50.000E-03
-1.918300E+00,-25.251E-03,-50.503E-03
-1.913300E+00,-25.251E-03,-60.553E-03
-1.908300E+00,+3.241080E+00,+3.266080E+00
-1.903300E+00,+3.241080E+00,+3.266080E+00
-1.898300E+00,-5.151E-03,-30.402E-03
-1.893300E+00,-55.402E-03,-251E-06
-1.888300E+00,-55.402E-03,+50.000E-03
-1.883300E+00,-5.151E-03,-80.653E-03
-1.878300E+00,+25.000E-03,-251E-06
-1.873300E+00,-5.151E-03,-30.402E-03
-1.868300E+00,-55.402E-03,-60.553E-03
-1.863300E+00,+25.000E-03,+19.849E-03
-1.858300E+00,-5.151E-03,+50.000E-03
-1.853300E+00,-85.553E-03,+50.000E-03
-1.848300E+00,-5.151E-03,-30.402E-03
-1.843300E+00,-5.151E-03,-30.402E-03
-1.838300E+00,+25.000E-03,-110.804E-03
-1.833300E+00,-55.402E-03,-30.402E-03
-1.828300E+00,-55.402E-03,+19.849E-03
-1.823300E+00,+25.000E-03,-60.553E-03
-1.818300E+00,-55.402E-03,+19.849E-03
-1.813300E+00,-5.151E-03,-251E-06
-1.808300E+00,+3.241080E+00,+3.215829E+00
-1.803300E+00,+3.220980E+00,+3.266080E+00
-1.798300E+00,-25.251E-03,+50.000E-03
-1.793300E+00,+25.000E-03,+50.000E-03
-1.788300E+00,-25.251E-03,-30.402E-03
-1.783300E+00,-25.251E-03,-30.402E-03
-1.778300E+00,+25.000E-03,-251E-06
-1.773300E+00,+25.000E-03,-251E-06
-1.768300E+00,+4.899E-03,-110.804E-03
-1.763300E+00,+25.000E-03,-251E-06
-1.758300E+00,-85.553E-03,-80.653E-03
-1.753300E+00,-5.151E-03,-60.553E-03
-1.748300E+00,+25.000E-03,+19.849E-03
-1.743300E+00,-55.402E-03,-30.402E-03
-1.738300E+00,-5.151E-03,-60.553E-03
-1.733300E+00,-5.151E-03,-90.704E-03
-1.728300E+00,-55.402E-03,-30.402E-03
-1.723300E+00,-25.251E-03,+19.849E-03
-1.718300E+00,-25.251E-03,+19.849E-03
-1.713300E+00,-25.251E-03,-251E-06
-1.708300E+00,+3.271231E+00,+3.266080E+00
-1.703300E+00,+3.291332E+00,+3.215829E+00
-1.698300E+00,+25.000E-03,-10.302E-03
-1.693300E+00,+25.000E-03,-50.503E-03
-1.688300E+00,+25.000E-03,-80.653E-03
-1.683300E+00,-75.503E-03,-30.402E-03
-1.678300E+00,-5.151E-03,+19.849E-03
-1.673300E+00,-25.251E-03,-30.402E-03
-1.668300E+00,-75.503E-03,-30.402E-03
-1.663300E+00,+25.000E-03,-251E-06
-1.658300E+00,-25.251E-03,-251E-06
-1.653300E+00,+4.899E-03,+19.849E-03
-1.648300E+00,-55.402E-03,+50.000E-03
-1.643300E+00,-5.151E-03,-50.503E-03
-1.638300E+00,-25.251E-03,-30.402E-03
-1.633300E+00,-5.151E-03,-60.553E-03
-1.628300E+00,-5.151E-03,-30.402E-03
-1.623300E+00,-5.151E-03,-30.402E-03
-1.618300E+00,+25.000E-03,-30.402E-03
-1.613300E+00,+25.000E-03,+50.000E-03
-1.608300E+00,+3.291332E+00,+3.296231E+00
-1.603300E+00,+3.271231E+00,+3.266080E+00
-1.598300E+00,-25.251E-03,+19.849E-03
-1.593300E+00,-55.402E-03,-60.553E-03
-1.588300E+00,-5.151E-03,-251E-06
-1.583300E+00,-55.402E-03,-251E-06
-1.578300E+00,+25.000E-03,+50.000E-03
-1.573300E+00,-25.251E-03,+19.849E-03
-1.568300E+00,-55.402E-03,-50.503E-03
-1.563300E+00,-25.251E-03,-30.402E-03
-1.558300E+00,-25.251E-03,-40.452E-03
-1.553300E+00,-55.402E-03,+50.000E-03
-1.548300E+00,-55.402E-03,-50.503E-03
-1.543300E+00,+25.000E-03,-50.503E-03
-1.538300E+00,+25.000E-03,-80.653E-03
-1.533300E+00,-25.251E-03,+50.000E-03
-1.528300E+00,-85.553E-03,-80.653E-03
-1.523300E+00,-5.151E-03,-251E-06
-1.518300E+00,-55.402E-03,-30.402E-03
-1.513300E+00,-25.251E-03,+19.849E-03
-1.508300E+00,+3.241080E+00,+3.266080E+00
-1.503300E+00,+3.261181E+00,+3.266080E+00
-1.498300E+00,-25.251E-03,-251E-06
-1.493300E+00,+25.000E-03,-30.402E-03
-1.488300E+00,-105.653E-03,-80.653E-03
-1.483300E+00,-25.251E-03,+50.000E-03
-1.478300E+00,-5.151E-03,-251E-06
-1.473300E+00,-25.251E-03,-251E-06
-1.468300E+00,-5.151E-03,-30.402E-03
-1.463300E+00,+25.000E-03,-251E-06
-1.458300E+00,+25.000E-03,-30.402E-03
-1.453300E+00,+4.899E-03,+50.000E-03
-1.448300E+00,-5.151E-03,-30.402E-03
-1.443300E+00,-25.251E-03,-251E-06
-1.438300E+00,-5.151E-03,-50.503E-03
-1.433300E+00,-55.402E-03,+19.849E-03
-1.428300E+00,+25.000E-03,+19.849E-03
-1.423300E+00,-5.151E-03,-60.553E-03
-1.418300E+00,+25.000E-03,-60.553E-03
-1.413300E+00,-25.251E-03,-60.553E-03
-1.408300E+00,+3.241080E+00,+3.266080E+00
-1.403300E+00,+3.271231E+00,+3.266080E+00
-1.398300E+00,+25.000E-03,-30.402E-03
-1.393300E+00,+25.000E-03,+50.000E-03
-1.388300E+00,+25.000E-03,-251E-06
-1.383300E+00,-5.151E-03,-60.553E-03
-1.378300E+00,-55.402E-03,-30.402E-03
-1.373300E+00,-55.402E-03,-30.402E-03
-1.368300E+00,-25.251E-03,+50.000E-03
-1.363300E+00,+25.000E-03,+19.849E-03
-1.358300E+00,-5.151E-03,+19.849E-03
-1.353300E+00,-25.251E-03,-30.402E-03
-1.348300E+00,+25.000E-03,-60.553E-03
-1.343300E+00,+25.000E-03,+19.849E-03
-1.338300E+00,-55.402E-03,-251E-06
-1.333300E+00,-55.402E-03,+19.849E-03
-1.328300E+00,-5.151E-03,-30.402E-03
-1.323300E+00,+25.000E-03,+50.000E-03
-1.318300E+00,-55.402E-03,-30.402E-03
-1.313300E+00,-55.402E-03,+29.899E-03
-1.308300E+00,+3.241080E+00,+2.080151E+00
-1.303300E+00,+3.291332E+00,+3.215829E+00
-1.298300E+00,+55.151E-03,-251E-06
-1.293300E+00,+75.251E-03,-30.402E-03
-1.288300E+00,-5.151E-03,-80.653E-03
-1.283300E+00,+25.000E-03,+19.849E-03
-1.278300E+00,-55.402E-03,-30.402E-03
-1.273300E+00,-25.251E-03,+19.849E-03
-1.268300E+00,-25.251E-03,-30.402E-03
-1.263300E+00,-55.402E-03,+50.000E-03
-1.258300E+00,-5.151E-03,+50.000E-03
-1.253300E+00,+25.000E-03,+19.849E-03
-1.248300E+00,+25.000E-03,-50.503E-03
-1.243300E+00,-5.151E-03,-10.302E-03
-1.238300E+00,-25.251E-03,-30.402E-03
-1.233300E+00,-55.402E-03,+50.000E-03
-1.228300E+00,-55.402E-03,-251E-06
-1.223300E+00,+25.000E-03,-251E-06
-1.218300E+00,-55.402E-03,-30.402E-03
-1.213300E+00,+25.000E-03,-30.402E-03
-1.208300E+00,+3.241080E+00,+3.266080E+00
-1.203300E+00,+3.291332E+00,+3.266080E+00
-1.198300E+00,+25.000E-03,-251E-06
-1.193300E+00,-55.402E-03,-80.653E-03
-1.188300E+00,-25.251E-03,+19.849E-03
-1.183300E+00,-85.553E-03,+19.849E-03
-1.178300E+00,-55.402E-03,-80.653E-03
-1.173300E+00,-25.251E-03,-60.553E-03
-1.168300E+00,+25.000E-03,-30.402E-03
-1.163300E+00,+25.000E-03,-30.402E-03
-1.158300E+00,-25.251E-03,-251E-06
-1.153300E+00,-5.151E-03,+50.000E-03
-1.148300E+00,-55.402E-03,-30.402E-03
-1.143300E+00,-5.151E-03,-251E-06
-1.138300E+00,-5.151E-03,-80.653E-03
-1.133300E+00,-55.402E-03,-251E-06
-1.128300E+00,-25.251E-03,-251E-06
-1.123300E+00,-55.402E-03,+50.000E-03
-1.118300E+00,-5.151E-03,-50.503E-03
-1.113300E+00,+25.000E-03,-60.553E-03
-1.108300E+00,+3.241080E+00,+2.080151E+00
-1.103300E+00,+3.321482E+00,+3.346482E+00
-1.098300E+00,-25.251E-03,-10.302E-03
-1.093300E+00,-5.151E-03,+19.849E-03
-1.088300E+00,-5.151E-03,-30.402E-03
-1.083300E+00,-25.251E-03,+50.000E-03
-1.078300E+00,-55.402E-03,-30.402E-03
-1.073300E+00,+25.000E-03,-251E-06
-1.068300E+00,-55.402E-03,-251E-06
-1.063300E+00,-5.151E-03,-30.402E-03
-1.058300E+00,-25.251E-03,+19.849E-03
-1.053300E+00,+25.000E-03,-30.402E-03
-1.048300E+00,+25.000E-03,-251E-06
-1.043300E+00,-55.402E-03,-30.402E-03
-1.038300E+00,-25.251E-03,-30.402E-03
-1.033300E+00,+4.899E-03,-30.402E-03
-1.028300E+00,-5.151E-03,-10.302E-03
-1.023300E+00,-55.402E-03,-50.503E-03
-1.018300E+00,-25.251E-03,-30.402E-03
-1.013300E+00,+25.000E-03,-251E-06
-1.008300E+00,+3.241080E+00,+3.235930E+00
-1.003300E+00,+3.241080E+00,+3.266080E+00
-998.300E-03,+25.000E-03,-30.402E-03
-993.300E-03,-5.151E-03,+19.849E-03
-988.300E-03,-5.151E-03,-251E-06
-983.300E-03,-25.251E-03,+50.000E-03
-978.300E-03,-5.151E-03,-251E-06
-973.300E-03,-25.251E-03,-251E-06
-968.300E-03,+25.000E-03,-110.804E-03
-963.300E-03,+55.151E-03,-110.804E-03
-958.300E-03,+75.251E-03,-60.553E-03
-953.300E-03,-25.251E-03,+50.000E-03
-948.300E-03,+4.899E-03,-80.653E-03
-943.300E-03,-5.151E-03,-30.402E-03
-938.300E-03,-5.151E-03,-10.302E-03
-933.300E-03,+75.251E-03,-60.553E-03
-928.300E-03,-5.151E-03,-30.402E-03
-923.300E-03,-55.402E-03,+50.000E-03
-918.300E-03,-5.151E-03,-251E-06
-913.300E-03,+25.000E-03,+50.000E-03
-908.300E-03,+3.271231E+00,+2.110301E+00
-903.300E-03,+3.241080E+00,+3.266080E+00
-898.300E-03,-5.151E-03,+19.849E-03
-893.300E-03,+4.899E-03,+19.849E-03
-888.300E-03,-25.251E-03,-60.553E-03
-883.300E-03,-55.402E-03,-80.653E-03
-878.300E-03,-5.151E-03,+19.849E-03
-873.300E-03,+25.000E-03,-50.503E-03
-868.300E-03,-55.402E-03,-251E-06
-863.300E-03,-75.503E-03,-10.302E-03
-858.300E-03,+25.000E-03,-251E-06
-853.300E-03,-55.402E-03,+50.000E-03
-848.300E-03,+75.251E-03,-80.653E-03
-843.300E-03,+45.101E-03,-251E-06
-838.300E-03,-25.251E-03,-30.402E-03
-833.300E-03,-55.402E-03,-30.402E-03
-828.300E-03,+25.000E-03,+19.849E-03
-823.300E-03,+25.000E-03,+19.849E-03
-818.300E-03,+4.899E-03,-60.553E-03
-813.300E-03,-25.251E-03,+50.000E-03
-808.300E-03,+3.261181E+00,+3.296231E+00
-803.300E-03,+3.291332E+00,+3.266080E+00
-798.300E-03,-25.251E-03,+70.101E-03
-793.300E-03,-25.251E-03,-30.402E-03
-788.300E-03,-5.151E-03,-30.402E-03
-783.300E-03,-5.151E-03,+19.849E-03
-778.300E-03,-5.151E-03,-251E-06
-773.300E-03,-5.151E-03,-80.653E-03
-768.300E-03,+55.151E-03,-80.653E-03
-763.300E-03,+25.000E-03,-30.402E-03
-758.300E-03,-25.251E-03,-251E-06
-753.300E-03,-25.251E-03,-60.553E-03
-748.300E-03,+25.000E-03,-60.553E-03
-743.300E-03,-55.402E-03,+50.000E-03
-738.300E-03,-5.151E-03,-50.503E-03
-733.300E-03,-55.402E-03,-10.302E-03
-728.300E-03,+75.251E-03,-30.402E-03
-723.300E-03,-5.151E-03,-30.402E-03
-718.300E-03,-25.251E-03,-251E-06
-713.300E-03,+25.000E-03,-251E-06
-708.300E-03,+3.271231E+00,+3.266080E+00
-703.300E-03,+3.241080E+00,+3.185678E+00
-698.300E-03,+25.000E-03,+19.849E-03
-693.300E-03,-25.251E-03,-30.402E-03
-688.300E-03,-55.402E-03,-30.402E-03
-683.300E-03,-25.251E-03,+19.849E-03
-678.300E-03,+25.000E-03,-251E-06
-673.300E-03,-25.251E-03,+19.849E-03
-668.300E-03,-25.251E-03,-60.553E-03
-663.300E-03,+4.899E-03,+19.849E-03
-658.300E-03,-55.402E-03,-30.402E-03
-653.300E-03,-25.251E-03,+50.000E-03
-648.300E-03,-55.402E-03,-30.402E-03
-643.300E-03,-25.251E-03,-10.302E-03
-638.300E-03,+25.000E-03,-30.402E-03
-633.300E-03,+25.000E-03,-30.402E-03
-628.300E-03,-55.402E-03,-251E-06
-623.300E-03,+25.000E-03,-30.402E-03
-618.300E-03,-55.402E-03,-80.653E-03
-613.300E-03,-55.402E-03,+50.000E-03
-608.300E-03,+3.241080E+00,+3.266080E+00
-603.300E-03,+3.271231E+00,+3.266080E+00
-598.300E-03,-5.151E-03,-30.402E-03
-593.300E-03,+105.402E-03,+19.849E-03
-588.300E-03,+25.000E-03,-251E-06
-583.300E-03,-25.251E-03,-30.402E-03
-578.300E-03,-5.151E-03,+19.849E-03
-573.300E-03,-5.151E-03,+50.000E-03
-568.300E-03,-55.402E-03,-100.754E-03
-563.300E-03,-25.251E-03,-60.553E-03
-558.300E-03,-25.251E-03,-251E-06
-553.300E-03,-25.251E-03,-30.402E-03
-548.300E-03,-25.251E-03,+50.000E-03
-543.300E-03,-5.151E-03,-30.402E-03
-538.300E-03,-25.251E-03,-80.653E-03
-533.300E-03,-25.251E-03,-251E-06
-528.300E-03,-5.151E-03,+19.849E-03
-523.300E-03,-25.251E-03,-60.553E-03
-518.300E-03,-5.151E-03,+19.849E-03
-513.300E-03,-55.402E-03,-30.402E-03
-508.300E-03,+3.241080E+00,+3.235930E+00
-503.300E-03,+3.271231E+00,+3.316332E+00
-498.300E-03,-5.151E-03,+50.000E-03
-493.300E-03,+25.000E-03,-60.553E-03
-488.300E-03,+25.000E-03,+19.849E-03
-483.300E-03,-5.151E-03,-110.804E-03
-478.300E-03,-55.402E-03,-30.402E-03
-473.300E-03,-25.251E-03,-80.653E-03
-468.300E-03,+25.000E-03,-80.653E-03
-463.300E-03,-5.151E-03,-251E-06
-458.300E-03,-5.151E-03,+50.000E-03
-453.300E-03,-5.151E-03,+50.000E-03
-448.300E-03,-55.402E-03,+50.000E-03
-443.300E-03,-5.151E-03,+50.000E-03
-438.300E-03,-25.251E-03,-30.402E-03
-433.300E-03,-25.251E-03,+50.000E-03
-428.300E-03,-105.653E-03,-251E-06
-423.300E-03,-25.251E-03,-50.503E-03
-418.300E-03,+25.000E-03,-30.402E-03
-413.300E-03,-55.402E-03,-30.402E-03
-408.300E-03,+3.271231E+00,+3.266080E+00
-403.300E-03,+3.241080E+00,+3.296231E+00
-398.300E-03,-55.402E-03,+50.000E-03
-393.300E-03,+25.000E-03,-60.553E-03
-388.300E-03,-25.251E-03,-30.402E-03
-383.300E-03,-5.151E-03,-30.402E-03
-378.300E-03,+25.000E-03,-30.402E-03
-373.300E-03,+25.000E-03,-10.302E-03
-368.300E-03,-55.402E-03,-30.402E-03
-363.300E-03,-5.151E-03,-80.653E-03
-358.300E-03,-5.151E-03,-80.653E-03
-353.300E-03,+25.000E-03,-130.905E-03
-348.300E-03,+45.101E-03,-30.402E-03
-343.300E-03,+55.151E-03,-30.402E-03
-338.300E-03,-55.402E-03,-251E-06
-333.300E-03,+25.000E-03,+19.849E-03
-328.300E-03,-55.402E-03,-110.804E-03
-323.300E-03,-5.151E-03,-251E-06
-318.300E-03,-25.251E-03,+19.849E-03
-313.300E-03,-25.251E-03,+50.000E-03
-308.300E-03,+3.190829E+00,+3.256030E+00
-303.300E-03,+3.241080E+00,+3.215829E+00
-298.300E-03,-5.151E-03,-60.553E-03
-293.300E-03,+75.251E-03,-60.553E-03
-288.300E-03,-5.151E-03,+19.849E-03
-283.300E-03,+25.000E-03,-30.402E-03
-278.300E-03,-55.402E-03,-80.653E-03
-273.300E-03,-55.402E-03,-30.402E-03
-268.300E-03,-55.402E-03,-30.402E-03
-263.300E-03,+25.000E-03,-30.402E-03
-258.300E-03,-55.402E-03,-30.402E-03
-253.300E-03,-5.151E-03,+19.849E-03
-248.300E-03,+25.000E-03,-110.804E-03
-243.300E-03,+25.000E-03,-130.905E-03
-238.300E-03,-25.251E-03,-251E-06
-233.300E-03,-25.251E-03,-30.402E-03
-228.300E-03,-55.402E-03,+19.849E-03
-223.300E-03,+25.000E-03,-30.402E-03
-218.300E-03,-25.251E-03,-50.503E-03
-213.300E-03,-25.251E-03,+19.849E-03
-208.300E-03,+3.291332E+00,+3.266080E+00
-203.300E-03,+3.321482E+00,+3.266080E+00
-198.300E-03,-5.151E-03,-30.402E-03
-193.300E-03,-75.503E-03,+19.849E-03
-188.300E-03,-5.151E-03,-251E-06
-183.300E-03,+25.000E-03,-40.452E-03
-178.300E-03,-35.302E-03,-30.402E-03
-173.300E-03,-25.251E-03,-251E-06
-168.300E-03,+25.000E-03,+50.000E-03
-163.300E-03,+25.000E-03,-30.402E-03
-158.300E-03,-55.402E-03,-251E-06
-153.300E-03,-5.151E-03,+19.849E-03
-148.300E-03,+4.899E-03,-60.553E-03
-143.300E-03,-5.151E-03,-30.402E-03
-138.300E-03,-5.151E-03,+19.849E-03
-133.300E-03,+25.000E-03,-30.402E-03
-128.300E-03,-25.251E-03,+50.000E-03
-123.300E-03,-25.251E-03,-30.402E-03
-118.300E-03,-25.251E-03,+50.000E-03
-113.300E-03,-25.251E-03,-30.402E-03
-108.300E-03,+3.241080E+00,+2.029899E+00
-103.300E-03,+3.241080E+00,+3.266080E+00
-98.300E-03,+45.101E-03,+19.849E-03
-93.300E-03,+25.000E-03,-251E-06
-88.300E-03,+25.000E-03,-80.653E-03
-83.300E-03,-55.402E-03,+19.849E-03
-78.300E-03,+25.000E-03,-30.402E-03
-73.300E-03,-55.402E-03,-251E-06
-68.300E-03,-5.151E-03,+50.000E-03
-63.300E-03,-25.251E-03,-30.402E-03
-58.300E-03,+25.000E-03,-80.653E-03
-53.300E-03,-5.151E-03,+19.849E-03
-48.300E-03,+45.101E-03,+50.000E-03
-43.300E-03,-75.503E-03,-30.402E-03
-38.300E-03,-25.251E-03,-80.653E-03
-33.300E-03,-5.151E-03,+50.000E-03
-28.300E-03,-5.151E-03,-80.653E-03
-23.300E-03,+25.000E-03,-10.302E-03
-18.300E-03,-25.251E-03,-251E-06
-13.300E-03,+25.000E-03,-30.402E-03
-8.300E-03,+3.241080E+00,+3.266080E+00
-3.300E-03,+3.241080E+00,+3.235930E+00
+1.700E-03,+25.000E-03,-30.402E-03
+6.700E-03,-55.402E-03,-30.402E-03
+11.700E-03,-5.151E-03,-30.402E-03
+16.700E-03,-5.151E-03,-251E-06
+21.700E-03,-25.251E-03,-30.402E-03
+26.700E-03,+25.000E-03,+19.849E-03
+31.700E-03,-135.804E-03,+19.849E-03
+36.700E-03,-75.503E-03,+50.000E-03
+41.700E-03,-25.251E-03,-60.553E-03
+46.700E-03,+25.000E-03,-60.553E-03
+51.700E-03,+25.000E-03,-30.402E-03
+56.700E-03,-55.402E-03,-251E-06
+61.700E-03,-5.151E-03,+19.849E-03
+66.700E-03,-25.251E-03,-60.553E-03
+71.700E-03,-25.251E-03,+50.000E-03
+76.700E-03,+25.000E-03,-30.402E-03
+81.700E-03,+25.000E-03,-60.553E-03
+86.700E-03,-105.653E-03,-90.704E-03
+91.700E-03,+3.241080E+00,+3.296231E+00
+96.700E-03,+3.241080E+00,+3.316332E+00
+101.700E-03,-55.402E-03,+50.000E-03
+106.700E-03,+25.000E-03,-60.553E-03
+111.700E-03,-75.503E-03,+50.000E-03
+116.700E-03,-5.151E-03,-30.402E-03
+121.700E-03,-5.151E-03,-30.402E-03
+126.700E-03,+25.000E-03,+19.849E-03
+131.700E-03,+25.000E-03,+19.849E-03
+136.700E-03,-55.402E-03,-251E-06
+141.700E-03,-25.251E-03,-60.553E-03
+146.700E-03,-55.402E-03,-251E-06
+151.700E-03,-55.402E-03,-251E-06
+156.700E-03,+25.000E-03,-80.653E-03
+161.700E-03,-105.653E-03,-50.503E-03
+166.700E-03,-25.251E-03,-30.402E-03
+171.700E-03,-5.151E-03,-251E-06
+176.700E-03,-25.251E-03,-60.553E-03
+181.700E-03,+25.000E-03,-251E-06
+186.700E-03,-5.151E-03,-30.402E-03
+191.700E-03,+3.271231E+00,+3.266080E+00
+196.700E-03,+3.241080E+00,+3.235930E+00
+201.700E-03,-5.151E-03,-60.553E-03
+206.700E-03,+25.000E-03,-251E-06
+211.700E-03,-25.251E-03,-80.653E-03
+216.700E-03,-55.402E-03,-80.653E-03
+221.700E-03,-25.251E-03,-251E-06
+226.700E-03,-25.251E-03,+19.849E-03
+231.700E-03,+25.000E-03,-10.302E-03
+236.700E-03,-55.402E-03,+19.849E-03
+241.700E-03,-55.402E-03,-30.402E-03
+246.700E-03,+25.000E-03,-30.402E-03
+251.700E-03,+25.000E-03,-60.553E-03
+256.700E-03,-5.151E-03,-251E-06
+261.700E-03,+45.101E-03,+19.849E-03
+266.700E-03,+25.000E-03,-251E-06
+271.700E-03,+55.151E-03,-251E-06
+276.700E-03,-55.402E-03,-80.653E-03
+281.700E-03,-55.402E-03,+19.849E-03
+286.700E-03,-5.151E-03,-30.402E-03
+291.700E-03,+3.241080E+00,+3.235930E+00
+296.700E-03,+3.271231E+00,+3.215829E+00
+301.700E-03,-55.402E-03,-251E-06
+306.700E-03,+25.000E-03,-30.402E-03
+311.700E-03,-25.251E-03,-30.402E-03
+316.700E-03,-5.151E-03,-80.653E-03
+321.700E-03,-25.251E-03,-80.653E-03
+326.700E-03,-25.251E-03,-251E-06
+331.700E-03,+25.000E-03,+19.849E-03
+336.700E-03,-5.151E-03,-30.402E-03
+341.700E-03,+55.151E-03,+50.000E-03
+346.700E-03,-55.402E-03,-251E-06
+351.700E-03,-55.402E-03,-251E-06
+356.700E-03,-25.251E-03,-251E-06
+361.700E-03,-55.402E-03,+50.000E-03
+366.700E-03,-55.402E-03,-10.302E-03
+371.700E-03,-5.151E-03,-30.402E-03
+376.700E-03,-25.251E-03,-30.402E-03
+381.700E-03,-5.151E-03,-30.402E-03
+386.700E-03,+25.000E-03,-30.402E-03
+391.700E-03,+3.241080E+00,+3.266080E+00
+396.700E-03,+3.220980E+00,+3.215829E+00
+401.700E-03,-5.151E-03,+19.849E-03
+406.700E-03,-25.251E-03,+19.849E-03
+411.700E-03,-25.251E-03,+19.849E-03
+416.700E-03,-25.251E-03,-30.402E-03
+421.700E-03,-25.251E-03,-60.553E-03
+426.700E-03,-5.151E-03,+19.849E-03
+431.700E-03,-25.251E-03,-90.704E-03
+436.700E-03,-55.402E-03,-80.653E-03
+441.700E-03,+25.000E-03,+50.000E-03
+446.700E-03,-55.402E-03,-50.503E-03
+451.700E-03,+55.151E-03,-80.653E-03
+456.700E-03,-25.251E-03,-110.804E-03
+461.700E-03,-25.251E-03,+19.849E-03
+466.700E-03,-5.151E-03,+50.000E-03
+471.700E-03,-25.251E-03,-10.302E-03
+476.700E-03,-55.402E-03,-251E-06
+481.700E-03,+25.000E-03,-251E-06
+486.700E-03,+25.000E-03,-60.553E-03
+491.700E-03,+3.241080E+00,+3.296231E+00
+496.700E-03,+3.321482E+00,+3.215829E+00
+501.700E-03,-55.402E-03,-251E-06
+506.700E-03,-55.402E-03,-30.402E-03
+511.700E-03,-25.251E-03,+19.849E-03
+516.700E-03,+25.000E-03,-251E-06
+521.700E-03,-25.251E-03,-30.402E-03
+526.700E-03,-25.251E-03,-30.402E-03
+531.700E-03,+25.000E-03,-30.402E-03
+536.700E-03,+25.000E-03,-30.402E-03
+541.700E-03,-25.251E-03,-50.503E-03
+546.700E-03,-105.653E-03,-30.402E-03
+551.700E-03,-25.251E-03,-60.553E-03
+556.700E-03,-25.251E-03,-251E-06
+561.700E-03,-25.251E-03,-30.402E-03
+566.700E-03,+25.000E-03,-251E-06
+571.700E-03,-5.151E-03,+19.849E-03
+576.700E-03,-55.402E-03,+50.000E-03
+581.700E-03,-5.151E-03,-251E-06
+586.700E-03,-5.151E-03,-30.402E-03
+591.700E-03,+3.241080E+00,+2.060050E+00
+596.700E-03,+3.241080E+00,+3.266080E+00
+601.700E-03,-55.402E-03,-80.653E-03
+606.700E-03,+25.000E-03,-30.402E-03
+611.700E-03,-5.151E-03,+19.849E-03
+616.700E-03,-55.402E-03,-30.402E-03
+621.700E-03,-5.151E-03,+19.849E-03
+626.700E-03,-25.251E-03,-30.402E-03
+631.700E-03,-25.251E-03,-251E-06
+636.700E-03,-25.251E-03,-251E-06
+641.700E-03,-25.251E-03,+19.849E-03
+646.700E-03,-25.251E-03,+50.000E-03
+651.700E-03,-25.251E-03,-30.402E-03
+656.700E-03,-25.251E-03,-251E-06
+661.700E-03,-55.402E-03,-80.653E-03
+666.700E-03,-5.151E-03,-251E-06
+671.700E-03,-25.251E-03,-30.402E-03
+676.700E-03,-25.251E-03,+50.000E-03
+681.700E-03,-55.402E-03,+50.000E-03
+686.700E-03,-5.151E-03,-30.402E-03
+691.700E-03,+3.241080E+00,+3.316332E+00
+696.700E-03,+3.321482E+00,+3.235930E+00
+701.700E-03,-35.302E-03,+19.849E-03
+706.700E-03,-25.251E-03,-251E-06
+711.700E-03,+25.000E-03,-30.402E-03
+716.700E-03,-25.251E-03,+19.849E-03
+721.700E-03,+25.000E-03,-30.402E-03
+726.700E-03,+75.251E-03,-90.704E-03
+731.700E-03,-25.251E-03,-60.553E-03
+736.700E-03,+25.000E-03,+19.849E-03
+741.700E-03,-55.402E-03,-30.402E-03
+746.700E-03,+25.000E-03,-80.653E-03
+751.700E-03,-25.251E-03,-30.402E-03
+756.700E-03,+25.000E-03,-251E-06
+761.700E-03,-25.251E-03,-30.402E-03
+766.700E-03,-25.251E-03,-60.553E-03
+771.700E-03,-55.402E-03,-10.302E-03
+776.700E-03,-55.402E-03,+50.000E-03
+781.700E-03,-25.251E-03,+19.849E-03
+786.700E-03,+25.000E-03,-80.653E-03
+791.700E-03,+3.321482E+00,+3.215829E+00
+796.700E-03,+3.291332E+00,+3.266080E+00
+801.700E-03,-25.251E-03,-30.402E-03
+806.700E-03,-25.251E-03,-80.653E-03
+811.700E-03,+25.000E-03,-251E-06
+816.700E-03,+25.000E-03,-30.402E-03
+821.700E-03,-55.402E-03,+19.849E-03
+826.700E-03,+25.000E-03,-251E-06
+831.700E-03,-55.402E-03,-30.402E-03
+836.700E-03,-55.402E-03,-30.402E-03
+841.700E-03,+25.000E-03,-30.402E-03
+846.700E-03,-25.251E-03,-251E-06
+851.700E-03,-5.151E-03,-110.804E-03
+856.700E-03,-25.251E-03,-30.402E-03
+861.700E-03,-25.251E-03,-10.302E-03
+866.700E-03,-25.251E-03,+19.849E-03
+871.700E-03,-5.151E-03,-251E-06
+876.700E-03,-5.151E-03,-251E-06
+881.700E-03,+25.000E-03,+19.849E-03
+886.700E-03,-25.251E-03,-80.653E-03
+891.700E-03,+3.241080E+00,-80.653E-03
+896.700E-03,+3.271231E+00,+3.266080E+00
+901.700E-03,-25.251E-03,-251E-06
+906.700E-03,-55.402E-03,-50.503E-03
+911.700E-03,-5.151E-03,-251E-06
+916.700E-03,+55.151E-03,-30.402E-03
+921.700E-03,-55.402E-03,+19.849E-03
+926.700E-03,-35.302E-03,-251E-06
+931.700E-03,+25.000E-03,-30.402E-03
+936.700E-03,+25.000E-03,-80.653E-03
+941.700E-03,-25.251E-03,+50.000E-03
+946.700E-03,+25.000E-03,-10.302E-03
+951.700E-03,-25.251E-03,-80.653E-03
+956.700E-03,+55.151E-03,-251E-06
+961.700E-03,-25.251E-03,-251E-06
+966.700E-03,+25.000E-03,-161.055E-03
+971.700E-03,+25.000E-03,-80.653E-03
+976.700E-03,-25.251E-03,-50.503E-03
+981.700E-03,+25.000E-03,-80.653E-03
+986.700E-03,-55.402E-03,-251E-06
+991.700E-03,+3.241080E+00,+3.316332E+00
+996.700E-03,+3.241080E+00,+3.235930E+00
+1.001700E+00,+75.251E-03,-30.402E-03
+1.006700E+00,-75.503E-03,-251E-06
+1.011700E+00,-55.402E-03,-251E-06
+1.016700E+00,-55.402E-03,-110.804E-03
+1.021700E+00,-25.251E-03,+19.849E-03
+1.026700E+00,+4.899E-03,-10.302E-03
+1.031700E+00,-5.151E-03,+19.849E-03
+1.036700E+00,-55.402E-03,-80.653E-03
+1.041700E+00,+25.000E-03,-30.402E-03
+1.046700E+00,-5.151E-03,-30.402E-03
+1.051700E+00,-55.402E-03,+50.000E-03
+1.056700E+00,-5.151E-03,-251E-06
+1.061700E+00,-5.151E-03,+19.849E-03
+1.066700E+00,-55.402E-03,-30.402E-03
+1.071700E+00,+25.000E-03,+19.849E-03
+1.076700E+00,+25.000E-03,+19.849E-03
+1.081700E+00,+25.000E-03,-30.402E-03
+1.086700E+00,+25.000E-03,-251E-06
+1.091700E+00,+3.241080E+00,+3.316332E+00
+1.096700E+00,+3.291332E+00,+3.316332E+00
+1.101700E+00,+25.000E-03,-60.553E-03
+1.106700E+00,-25.251E-03,-251E-06
+1.111700E+00,+25.000E-03,-30.402E-03
+1.116700E+00,-5.151E-03,-60.553E-03
+1.121700E+00,-55.402E-03,-30.402E-03
+1.126700E+00,+25.000E-03,-30.402E-03
+1.131700E+00,+25.000E-03,+50.000E-03
+1.136700E+00,-25.251E-03,-80.653E-03
+1.141700E+00,-25.251E-03,-30.402E-03
+1.146700E+00,+55.151E-03,-30.402E-03
+1.151700E+00,+25.000E-03,+19.849E-03
+1.156700E+00,+55.151E-03,-30.402E-03
+1.161700E+00,-5.151E-03,-80.653E-03
+1.166700E+00,-25.251E-03,-30.402E-03
+1.171700E+00,-25.251E-03,+50.000E-03
+1.176700E+00,+25.000E-03,+19.849E-03
+1.181700E+00,-55.402E-03,+19.849E-03
+1.186700E+00,+25.000E-03,+19.849E-03
+1.191700E+00,+3.241080E+00,+3.266080E+00
+1.196700E+00,+3.291332E+00,+3.215829E+00
+1.201700E+00,-55.402E-03,-80.653E-03
+1.206700E+00,-5.151E-03,+50.000E-03
+1.211700E+00,-55.402E-03,+19.849E-03
+1.216700E+00,+25.000E-03,-30.402E-03
+1.221700E+00,-5.151E-03,+19.849E-03
+1.226700E+00,-25.251E-03,-30.402E-03
+1.231700E+00,+25.000E-03,-251E-06
+1.236700E+00,-5.151E-03,-50.503E-03
+1.241700E+00,-5.151E-03,-80.653E-03
+1.246700E+00,+25.000E-03,-251E-06
+1.251700E+00,-5.151E-03,-251E-06
+1.256700E+00,+25.000E-03,-30.402E-03
+1.261700E+00,-5.151E-03,-30.402E-03
+1.266700E+00,-5.151E-03,-251E-06
+1.271700E+00,-25.251E-03,-50.503E-03
+1.276700E+00,-25.251E-03,-30.402E-03
+1.281700E+00,-25.251E-03,-30.402E-03
+1.286700E+00,-25.251E-03,-30.402E-03
+1.291700E+00,+3.241080E+00,+3.266080E+00
+1.296700E+00,+3.241080E+00,+3.286181E+00
+1.301700E+00,-55.402E-03,-10.302E-03
+1.306700E+00,-5.151E-03,-30.402E-03
+1.311700E+00,+25.000E-03,-30.402E-03
+1.316700E+00,-25.251E-03,-60.553E-03
+1.321700E+00,-25.251E-03,-10.302E-03
+1.326700E+00,-55.402E-03,+19.849E-03
+1.331700E+00,-25.251E-03,-30.402E-03
+1.336700E+00,-5.151E-03,-251E-06
+1.341700E+00,+25.000E-03,-30.402E-03
+1.346700E+00,-55.402E-03,+19.849E-03
+1.351700E+00,-5.151E-03,-251E-06
+1.356700E+00,-5.151E-03,-30.402E-03
+1.361700E+00,-25.251E-03,+19.849E-03
+1.366700E+00,+45.101E-03,-251E-06
+1.371700E+00,-55.402E-03,-30.402E-03
+1.376700E+00,-55.402E-03,-251E-06
+1.381700E+00,-55.402E-03,-251E-06
+1.386700E+00,-85.553E-03,+50.000E-03
+1.391700E+00,+3.291332E+00,+3.235930E+00
+1.396700E+00,+3.291332E+00,+3.266080E+00
+1.401700E+00,-5.151E-03,-30.402E-03
+1.406700E+00,+25.000E-03,+19.849E-03
+1.411700E+00,+25.000E-03,-60.553E-03
+1.416700E+00,-55.402E-03,-60.553E-03
+1.421700E+00,-5.151E-03,-90.704E-03
+1.426700E+00,-25.251E-03,+19.849E-03
+1.431700E+00,-55.402E-03,-251E-06
+1.436700E+00,-5.151E-03,-30.402E-03
+1.441700E+00,-55.402E-03,-251E-06
+1.446700E+00,-55.402E-03,-30.402E-03
+1.451700E+00,-25.251E-03,-251E-06
+1.456700E+00,-5.151E-03,-50.503E-03
+1.461700E+00,+25.000E-03,-30.402E-03
+1.466700E+00,-25.251E-03,-30.402E-03
+1.471700E+00,-25.251E-03,-251E-06
+1.476700E+00,+25.000E-03,-30.402E-03
+1.481700E+00,-25.251E-03,-60.553E-03
+1.486700E+00,-55.402E-03,-30.402E-03
+1.491700E+00,+3.241080E+00,+3.266080E+00
+1.496700E+00,+3.271231E+00,+3.296231E+00
+1.501700E+00,+25.000E-03,-30.402E-03
+1.506700E+00,+75.251E-03,-251E-06
+1.511700E+00,+55.151E-03,-251E-06
+1.516700E+00,-5.151E-03,+50.000E-03
+1.521700E+00,-25.251E-03,-251E-06
+1.526700E+00,+25.000E-03,-30.402E-03
+1.531700E+00,+25.000E-03,-30.402E-03
+1.536700E+00,-85.553E-03,+50.000E-03
+1.541700E+00,-25.251E-03,-30.402E-03
+1.546700E+00,-25.251E-03,-30.402E-03
+1.551700E+00,-55.402E-03,+19.849E-03
+1.556700E+00,-75.503E-03,-30.402E-03
+1.561700E+00,+45.101E-03,-251E-06
+1.566700E+00,-55.402E-03,+50.000E-03
+1.571700E+00,-25.251E-03,+19.849E-03
+1.576700E+00,-5.151E-03,-80.653E-03
+1.581700E+00,-55.402E-03,-251E-06
+1.586700E+00,+25.000E-03,-110.804E-03
+1.591700E+00,+3.271231E+00,+3.266080E+00
+1.596700E+00,+3.321482E+00,+3.215829E+00
+1.601700E+00,-75.503E-03,+19.849E-03
+1.606700E+00,-35.302E-03,-50.503E-03
+1.611700E+00,-5.151E-03,+19.849E-03
+1.616700E+00,+25.000E-03,-80.653E-03
+1.621700E+00,-25.251E-03,+19.849E-03
+1.626700E+00,-5.151E-03,+19.849E-03
+1.631700E+00,-55.402E-03,-251E-06
+1.636700E+00,-5.151E-03,-60.553E-03
+1.641700E+00,-55.402E-03,-251E-06
+1.646700E+00,-25.251E-03,-251E-06
+1.651700E+00,+25.000E-03,-251E-06
+1.656700E+00,-55.402E-03,-30.402E-03
+1.661700E+00,-5.151E-03,-30.402E-03
+1.666700E+00,+25.000E-03,+19.849E-03
+1.671700E+00,+25.000E-03,-80.653E-03
+1.676700E+00,-5.151E-03,+19.849E-03
+1.681700E+00,-5.151E-03,-251E-06
+1.686700E+00,-25.251E-03,-251E-06
+1.691700E+00,+3.241080E+00,-50.503E-03
+1.696700E+00,+3.291332E+00,+3.235930E+00
+1.701700E+00,+25.000E-03,-30.402E-03
+1.706700E+00,-5.151E-03,-251E-06
+1.711700E+00,-25.251E-03,-251E-06
+1.716700E+00,+25.000E-03,-30.402E-03
+1.721700E+00,+25.000E-03,-30.402E-03
+1.726700E+00,-25.251E-03,+19.849E-03
+1.731700E+00,-75.503E-03,-60.553E-03
+1.736700E+00,-5.151E-03,-60.553E-03
+1.741700E+00,-55.402E-03,-30.402E-03
+1.746700E+00,+25.000E-03,+19.849E-03
+1.751700E+00,-5.151E-03,-251E-06
+1.756700E+00,-5.151E-03,-30.402E-03
+1.761700E+00,-5.151E-03,-251E-06
+1.766700E+00,+25.000E-03,-30.402E-03
+1.771700E+00,-5.151E-03,-30.402E-03
+1.776700E+00,-55.402E-03,+19.849E-03
+1.781700E+00,-55.402E-03,-30.402E-03
+1.786700E+00,-25.251E-03,+19.849E-03
+1.791700E+00,+3.241080E+00,+19.849E-03
+1.796700E+00,+3.241080E+00,+3.266080E+00
+1.801700E+00,+25.000E-03,-30.402E-03
+1.806700E+00,-105.653E-03,+19.849E-03
+1.811700E+00,+25.000E-03,-30.402E-03
+1.816700E+00,+45.101E-03,-50.503E-03
+1.821700E+00,-55.402E-03,-251E-06
+1.826700E+00,+25.000E-03,-30.402E-03
+1.831700E+00,+4.899E-03,+19.849E-03
+1.836700E+00,-5.151E-03,-251E-06
+1.841700E+00,-55.402E-03,+50.000E-03
+1.846700E+00,-25.251E-03,-251E-06
+1.851700E+00,-5.151E-03,+19.849E-03
+1.856700E+00,-25.251E-03,-30.402E-03
+1.861700E+00,-35.302E-03,+19.849E-03
+1.866700E+00,+25.000E-03,-50.503E-03
+1.871700E+00,-25.251E-03,-50.503E-03
+1.876700E+00,-55.402E-03,-251E-06
+1.881700E+00,-25.251E-03,+19.849E-03
+1.886700E+00,-5.151E-03,+50.000E-03
+1.891700E+00,+3.271231E+00,+3.316332E+00
+1.896700E+00,+3.271231E+00,+3.235930E+00
+1.901700E+00,-25.251E-03,-30.402E-03
+1.906700E+00,-5.151E-03,-80.653E-03
+1.911700E+00,-5.151E-03,-251E-06
+1.916700E+00,-5.151E-03,-30.402E-03
+1.921700E+00,-55.402E-03,-30.402E-03
+1.926700E+00,-55.402E-03,-60.553E-03
+1.931700E+00,-55.402E-03,+29.899E-03
+1.936700E+00,-5.151E-03,-80.653E-03
+1.941700E+00,-25.251E-03,-30.402E-03
+1.946700E+00,-5.151E-03,-110.804E-03
+1.951700E+00,+25.000E-03,-60.553E-03
+1.956700E+00,-5.151E-03,-50.503E-03
+1.961700E+00,-5.151E-03,-30.402E-03
+1.966700E+00,-25.251E-03,+19.849E-03
+1.971700E+00,-25.251E-03,-251E-06
+1.976700E+00,-25.251E-03,-50.503E-03
+1.981700E+00,+25.000E-03,+19.849E-03
+1.986700E+00,-5.151E-03,-30.402E-03
+1.991700E+00,+3.291332E+00,+3.215829E+00
+1.996700E+00,+3.321482E+00,+3.266080E+00
+2.001700E+00,-55.402E-03,-60.553E-03
+2.006700E+00,-35.302E-03,-251E-06
+2.011700E+00,+25.000E-03,-30.402E-03
+2.016700E+00,+25.000E-03,-251E-06
+2.021700E+00,-5.151E-03,-30.402E-03
+2.026700E+00,-5.151E-03,-251E-06
+2.031700E+00,-55.402E-03,+19.849E-03
+2.036700E+00,-25.251E-03,-30.402E-03
+2.041700E+00,-25.251E-03,-80.653E-03
+2.046700E+00,-5.151E-03,-251E-06
+2.051700E+00,-55.402E-03,+19.849E-03
+2.056700E+00,+25.000E-03,-251E-06
+2.061700E+00,+25.000E-03,-80.653E-03
+2.066700E+00,-5.151E-03,-50.503E-03
+2.071700E+00,-5.151E-03,-251E-06
+2.076700E+00,+25.000E-03,-50.503E-03
+2.081700E+00,-55.402E-03,+19.849E-03
+2.086700E+00,-5.151E-03,-251E-06
+2.091700E+00,+3.321482E+00,+3.215829E+00
+2.096700E+00,+3.291332E+00,+3.235930E+00
+2.101700E+00,-25.251E-03,-30.402E-03
+2.106700E+00,-5.151E-03,-90.704E-03
+2.111700E+00,-25.251E-03,-80.653E-03
+2.116700E+00,+25.000E-03,-10.302E-03
+2.121700E+00,-55.402E-03,-30.402E-03
+2.126700E+00,-55.402E-03,-251E-06
+2.131700E+00,-5.151E-03,-60.553E-03
+2.136700E+00,+25.000E-03,-80.653E-03
+2.141700E+00,-55.402E-03,+19.849E-03
+2.146700E+00,-25.251E-03,-30.402E-03
+2.151700E+00,+25.000E-03,+50.000E-03
+2.156700E+00,+75.251E-03,-30.402E-03
+2.161700E+00,-25.251E-03,+19.849E-03
+2.166700E+00,-25.251E-03,-30.402E-03
+2.171700E+00,-25.251E-03,-30.402E-03
+2.176700E+00,-55.402E-03,-251E-06
+2.181700E+00,-75.503E-03,+19.849E-03
+2.186700E+00,-5.151E-03,+19.849E-03
+2.191700E+00,+3.291332E+00,+3.185678E+00
+2.196700E+00,+3.241080E+00,+3.235930E+00
+2.201700E+00,-55.402E-03,-30.402E-03
+2.206700E+00,-55.402E-03,+50.000E-03
+2.211700E+00,+25.000E-03,+19.849E-03
+2.216700E+00,-25.251E-03,-30.402E-03
+2.221700E+00,+25.000E-03,+19.849E-03
+2.226700E+00,-55.402E-03,-30.402E-03
+2.231700E+00,-5.151E-03,+50.000E-03
+2.236700E+00,+25.000E-03,-80.653E-03
+2.241700E+00,-5.151E-03,+19.849E-03
+2.246700E+00,+25.000E-03,+19.849E-03
+2.251700E+00,-25.251E-03,-30.402E-03
+2.256700E+00,-5.151E-03,-50.503E-03
+2.261700E+00,-5.151E-03,-80.653E-03
+2.266700E+00,-55.402E-03,-30.402E-03
+2.271700E+00,+25.000E-03,-251E-06
+2.276700E+00,-55.402E-03,-251E-06
+2.281700E+00,+25.000E-03,-60.553E-03
+2.286700E+00,+25.000E-03,-251E-06
+2.291700E+00,+3.241080E+00,+3.296231E+00
+2.296700E+00,+3.241080E+00,+3.316332E+00
+2.301700E+00,+25.000E-03,-30.402E-03
+2.306700E+00,-25.251E-03,+19.849E-03
+2.311700E+00,-25.251E-03,-30.402E-03
+2.316700E+00,-25.251E-03,-30.402E-03
+2.321700E+00,+25.000E-03,-30.402E-03
+2.326700E+00,+25.000E-03,-30.402E-03
+2.331700E+00,-5.151E-03,-60.553E-03
+2.336700E+00,+25.000E-03,-60.553E-03
+2.341700E+00,-25.251E-03,+50.000E-03
+2.346700E+00,-25.251E-03,-30.402E-03
+2.351700E+00,+25.000E-03,-251E-06
+2.356700E+00,-5.151E-03,-50.503E-03
+2.361700E+00,+25.000E-03,-10.302E-03
+2.366700E+00,+25.000E-03,-30.402E-03
+2.371700E+00,-5.151E-03,-80.653E-03
+2.376700E+00,+25.000E-03,-60.553E-03
+2.381700E+00,-5.151E-03,-30.402E-03
+2.386700E+00,-25.251E-03,-30.402E-03
+2.391700E+00,+3.321482E+00,+3.235930E+00
+2.396700E+00,+3.241080E+00,+3.165578E+00
+2.401700E+00,-5.151E-03,-30.402E-03
+2.406700E+00,-5.151E-03,-251E-06
+2.411700E+00,-5.151E-03,-30.402E-03
+2.416700E+00,-5.151E-03,-30.402E-03
+2.421700E+00,+25.000E-03,-10.302E-03
+2.426700E+00,+25.000E-03,+19.849E-03
+2.431700E+00,-25.251E-03,-30.402E-03
+2.436700E+00,+25.000E-03,+50.000E-03
+2.441700E+00,-25.251E-03,+19.849E-03
+2.446700E+00,-55.402E-03,-30.402E-03
+2.451700E+00,-55.402E-03,-60.553E-03
+2.456700E+00,-25.251E-03,-251E-06
+2.461700E+00,-55.402E-03,+50.000E-03
+2.466700E+00,-35.302E-03,+19.849E-03
+2.471700E+00,-5.151E-03,-251E-06
+2.476700E+00,+25.000E-03,-251E-06
+2.481700E+00,-5.151E-03,-50.503E-03
+2.486700E+00,+45.101E-03,-80.653E-03
+2.491700E+00,+3.210930E+00,+3.185678E+00
+2.496700E+00,+3.241080E+00,+3.215829E+00
+2.501700E+00,-75.503E-03,-30.402E-03
+2.506700E+00,-5.151E-03,-30.402E-03
+2.511700E+00,+25.000E-03,-10.302E-03
+2.516700E+00,-5.151E-03,+19.849E-03
+2.521700E+00,-25.251E-03,-60.553E-03
+2.526700E+00,-25.251E-03,-30.402E-03
+2.531700E+00,+25.000E-03,-30.402E-03
+2.536700E+00,-55.402E-03,+50.000E-03
+2.541700E+00,+25.000E-03,-50.503E-03
+2.546700E+00,+25.000E-03,-30.402E-03
+2.551700E+00,-25.251E-03,+19.849E-03
+2.556700E+00,-25.251E-03,-30.402E-03
+2.561700E+00,+25.000E-03,+50.000E-03
+2.566700E+00,+4.899E-03,-30.402E-03
+2.571700E+00,+25.000E-03,-60.553E-03
+2.576700E+00,-25.251E-03,-30.402E-03
+2.581700E+00,-55.402E-03,+50.000E-03
+2.586700E+00,-55.402E-03,-251E-06
+2.591700E+00,+3.190829E+00,+3.296231E+00
+2.596700E+00,+3.271231E+00,+3.235930E+00
+2.601700E+00,-5.151E-03,-251E-06
+2.606700E+00,-55.402E-03,-30.402E-03
+2.611700E+00,-55.402E-03,-10.302E-03
+2.616700E+00,-5.151E-03,-251E-06
+2.621700E+00,-25.251E-03,-30.402E-03
+2.626700E+00,-25.251E-03,-30.402E-03
+2.631700E+00,-5.151E-03,-30.402E-03
+2.636700E+00,-55.402E-03,-30.402E-03
+2.641700E+00,+25.000E-03,-80.653E-03
+2.646700E+00,-25.251E-03,-30.402E-03
+2.651700E+00,-25.251E-03,-30.402E-03
+2.656700E+00,-55.402E-03,+50.000E-03
+2.661700E+00,-55.402E-03,-10.302E-03
+2.666700E+00,-25.251E-03,+50.000E-03
+2.671700E+00,+25.000E-03,-110.804E-03
+2.676700E+00,+25.000E-03,-251E-06
+2.681700E+00,+25.000E-03,+19.849E-03
+2.686700E+00,-5.151E-03,-30.402E-03
+2.691700E+00,+3.271231E+00,+3.266080E+00
+2.696700E+00,+3.301382E+00,+3.266080E+00
+2.701700E+00,+25.000E-03,-30.402E-03
+2.706700E+00,+25.000E-03,-30.402E-03
+2.711700E+00,-25.251E-03,-251E-06
+2.716700E+00,-55.402E-03,-30.402E-03
+2.721700E+00,+25.000E-03,-110.804E-03
+2.726700E+00,+25.000E-03,-251E-06
+2.731700E+00,+25.000E-03,-30.402E-03
+2.736700E+00,-25.251E-03,+19.849E-03
+2.741700E+00,-55.402E-03,+19.849E-03
+2.746700E+00,+25.000E-03,-30.402E-03
+2.751700E+00,-25.251E-03,+19.849E-03
+2.756700E+00,-5.151E-03,-30.402E-03
+2.761700E+00,+25.000E-03,-251E-06
+2.766700E+00,-25.251E-03,+19.849E-03
+2.771700E+00,-25.251E-03,-10.302E-03
+2.776700E+00,+25.000E-03,-30.402E-03
+2.781700E+00,-25.251E-03,-30.402E-03
+2.786700E+00,-5.151E-03,-251E-06
+2.791700E+00,+3.271231E+00,+3.296231E+00
+2.796700E+00,+3.190829E+00,+3.235930E+00
+2.801700E+00,-5.151E-03,-251E-06
+2.806700E+00,-25.251E-03,-30.402E-03
+2.811700E+00,-55.402E-03,-30.402E-03
+2.816700E+00,-25.251E-03,+50.000E-03
+2.821700E+00,-25.251E-03,-10.302E-03
+2.826700E+00,-25.251E-03,-30.402E-03
+2.831700E+00,-5.151E-03,-251E-06
+2.836700E+00,+25.000E-03,-30.402E-03
+2.841700E+00,-55.402E-03,-60.553E-03
+2.846700E+00,+25.000E-03,+50.000E-03
+2.851700E+00,+25.000E-03,-60.553E-03
+2.856700E+00,-5.151E-03,+19.849E-03
+2.861700E+00,-25.251E-03,-30.402E-03
+2.866700E+00,-55.402E-03,+19.849E-03
+2.871700E+00,+25.000E-03,+19.849E-03
+2.876700E+00,+25.000E-03,-140.955E-03
+2.881700E+00,-5.151E-03,+19.849E-03
+2.886700E+00,-25.251E-03,-30.402E-03
+2.891700E+00,+3.210930E+00,+3.235930E+00
+2.896700E+00,+3.321482E+00,+3.235930E+00
+2.901700E+00,-55.402E-03,+50.000E-03
+2.906700E+00,-55.402E-03,-30.402E-03
+2.911700E+00,-25.251E-03,-30.402E-03
+2.916700E+00,-25.251E-03,+50.000E-03
+2.921700E+00,+25.000E-03,-251E-06
+2.926700E+00,-25.251E-03,+50.000E-03
+2.931700E+00,-25.251E-03,-30.402E-03
+2.936700E+00,+25.000E-03,-30.402E-03
+2.941700E+00,+25.000E-03,-110.804E-03
+2.946700E+00,-25.251E-03,+50.000E-03
+2.951700E+00,-25.251E-03,+19.849E-03
+2.956700E+00,+25.000E-03,+50.000E-03
+2.961700E+00,-5.151E-03,-251E-06
+2.966700E+00,-25.251E-03,+19.849E-03
+2.971700E+00,+25.000E-03,+19.849E-03
+2.976700E+00,+25.000E-03,+19.849E-03
+2.981700E+00,-25.251E-03,-30.402E-03
+2.986700E+00,+4.899E-03,-30.402E-03
+2.991700E+00,+3.271231E+00,-80.653E-03
+2.996700E+00,+3.291332E+00,+3.235930E+00
+3.001700E+00,+25.000E-03,-60.553E-03
+3.006700E+00,-25.251E-03,-251E-06
+3.011700E+00,-25.251E-03,-30.402E-03
+3.016700E+00,+25.000E-03,-251E-06
+3.021700E+00,-25.251E-03,-80.653E-03
+3.026700E+00,+25.000E-03,-80.653E-03
+3.031700E+00,-55.402E-03,-251E-06
+3.036700E+00,-5.151E-03,-80.653E-03
+3.041700E+00,-75.503E-03,-251E-06
+3.046700E+00,-25.251E-03,+50.000E-03
+3.051700E+00,-5.151E-03,-30.402E-03
+3.056700E+00,+25.000E-03,-30.402E-03
+3.061700E+00,-5.151E-03,+50.000E-03
+3.066700E+00,+4.899E-03,-251E-06
+3.071700E+00,-55.402E-03,+19.849E-03
+3.076700E+00,-5.151E-03,-50.503E-03
+3.081700E+00,+25.000E-03,+19.849E-03
+3.086700E+00,+75.251E-03,-110.804E-03
+3.091700E+00,+3.241080E+00,+3.266080E+00
+3.096700E+00,+3.291332E+00,+3.205779E+00
+3.101700E+00,-55.402E-03,+50.000E-03
+3.106700E+00,+25.000E-03,-251E-06
+3.111700E+00,+25.000E-03,-10.302E-03
+3.116700E+00,-5.151E-03,+19.849E-03
+3.121700E+00,-5.151E-03,+50.000E-03
+3.126700E+00,-25.251E-03,-10.302E-03
+3.131700E+00,+25.000E-03,+19.849E-03
+3.136700E+00,-5.151E-03,-60.553E-03
+3.141700E+00,-5.151E-03,-251E-06
+3.146700E+00,-55.402E-03,+19.849E-03
+3.151700E+00,-25.251E-03,-60.553E-03
+3.156700E+00,+25.000E-03,+19.849E-03
+3.161700E+00,+25.000E-03,+50.000E-03
+3.166700E+00,-55.402E-03,-30.402E-03
+3.171700E+00,-25.251E-03,+19.849E-03
+3.176700E+00,-105.653E-03,+19.849E-03
+3.181700E+00,-25.251E-03,+19.849E-03
+3.186700E+00,-5.151E-03,-251E-06
+3.191700E+00,+3.271231E+00,+50.000E-03
+3.196700E+00,+3.271231E+00,+3.266080E+00
+3.201700E+00,-55.402E-03,-30.402E-03
+3.206700E+00,-55.402E-03,-30.402E-03
+3.211700E+00,-5.151E-03,-30.402E-03
+3.216700E+00,+25.000E-03,-30.402E-03
+3.221700E+00,-55.402E-03,+50.000E-03
+3.226700E+00,-25.251E-03,-30.402E-03
+3.231700E+00,-25.251E-03,-30.402E-03
+3.236700E+00,-5.151E-03,-10.302E-03
+3.241700E+00,-5.151E-03,-80.653E-03
+3.246700E+00,-5.151E-03,-251E-06
+3.251700E+00,-5.151E-03,-80.653E-03
+3.256700E+00,-5.151E-03,+19.849E-03
+3.261700E+00,+25.000E-03,+19.849E-03
+3.266700E+00,-5.151E-03,+19.849E-03
+3.271700E+00,-5.151E-03,-30.402E-03
+3.276700E+00,-25.251E-03,+19.849E-03
+3.281700E+00,+25.000E-03,-251E-06
+3.286700E+00,-5.151E-03,-30.402E-03
+3.291700E+00,+3.291332E+00,+2.080151E+00
+3.296700E+00,+3.241080E+00,+3.266080E+00
+3.301700E+00,-5.151E-03,+19.849E-03
+3.306700E+00,-55.402E-03,-251E-06
+3.311700E+00,+25.000E-03,+19.849E-03
+3.316700E+00,+25.000E-03,-30.402E-03
+3.321700E+00,-55.402E-03,-30.402E-03
+3.326700E+00,-25.251E-03,+50.000E-03
+3.331700E+00,-25.251E-03,-251E-06
+3.336700E+00,-25.251E-03,+50.000E-03
+3.341700E+00,-5.151E-03,-10.302E-03
+3.346700E+00,-55.402E-03,-30.402E-03
+3.351700E+00,+25.000E-03,-30.402E-03
+3.356700E+00,-55.402E-03,-30.402E-03
+3.361700E+00,-5.151E-03,-30.402E-03
+3.366700E+00,+45.101E-03,-30.402E-03
+3.371700E+00,+25.000E-03,-251E-06
+3.376700E+00,-55.402E-03,-50.503E-03
+3.381700E+00,+25.000E-03,+50.000E-03
+3.386700E+00,-55.402E-03,+19.849E-03
+3.391700E+00,+3.241080E+00,+3.235930E+00
+3.396700E+00,+3.321482E+00,+3.245980E+00
+3.401700E+00,+25.000E-03,-30.402E-03
+3.406700E+00,-25.251E-03,-30.402E-03
+3.411700E+00,-55.402E-03,+19.849E-03
+3.416700E+00,-75.503E-03,-60.553E-03
+3.421700E+00,-75.503E-03,-251E-06
+3.426700E+00,+25.000E-03,-30.402E-03
+3.431700E+00,-5.151E-03,+19.849E-03
+3.436700E+00,-25.251E-03,-80.653E-03
+3.441700E+00,-25.251E-03,+19.849E-03
+3.446700E+00,+25.000E-03,-251E-06
+3.451700E+00,+25.000E-03,-251E-06
+3.456700E+00,+25.000E-03,-30.402E-03
+3.461700E+00,-5.151E-03,-30.402E-03
+3.466700E+00,-5.151E-03,-80.653E-03
+3.471700E+00,+25.000E-03,-30.402E-03
+3.476700E+00,+25.000E-03,-10.302E-03
+3.481700E+00,-85.553E-03,-50.503E-03
+3.486700E+00,+25.000E-03,+19.849E-03
+3.491700E+00,+3.241080E+00,+3.266080E+00
+3.496700E+00,+3.291332E+00,+3.266080E+00
+3.501700E+00,+25.000E-03,-30.402E-03
+3.506700E+00,-75.503E-03,-80.653E-03
+3.511700E+00,-25.251E-03,+19.849E-03
+3.516700E+00,+25.000E-03,-30.402E-03
+3.521700E+00,-25.251E-03,-251E-06
+3.526700E+00,+25.000E-03,-30.402E-03
+3.531700E+00,-5.151E-03,+50.000E-03
+3.536700E+00,-25.251E-03,-110.804E-03
+3.541700E+00,+25.000E-03,-30.402E-03
+3.546700E+00,-25.251E-03,+19.849E-03
+3.551700E+00,-5.151E-03,-60.553E-03
+3.556700E+00,-5.151E-03,-30.402E-03
+3.561700E+00,-85.553E-03,+50.000E-03
+3.566700E+00,-55.402E-03,+19.849E-03
+3.571700E+00,-25.251E-03,+50.000E-03
+3.576700E+00,+25.000E-03,+50.000E-03
+3.581700E+00,-5.151E-03,-30.402E-03
+3.586700E+00,-55.402E-03,-30.402E-03
+3.591700E+00,+3.261181E+00,+3.266080E+00
+3.596700E+00,+3.291332E+00,+3.266080E+00
+3.601700E+00,-55.402E-03,-30.402E-03
+3.606700E+00,-5.151E-03,-251E-06
+3.611700E+00,-25.251E-03,-30.402E-03
+3.616700E+00,-25.251E-03,-30.402E-03
+3.621700E+00,+25.000E-03,-30.402E-03
+3.626700E+00,+25.000E-03,-30.402E-03
+3.631700E+00,-85.553E-03,-30.402E-03
+3.636700E+00,-55.402E-03,-251E-06
+3.641700E+00,-5.151E-03,+19.849E-03
+3.646700E+00,+55.151E-03,+19.849E-03
+3.651700E+00,-5.151E-03,-30.402E-03
+3.656700E+00,-25.251E-03,-60.553E-03
+3.661700E+00,+25.000E-03,+19.849E-03
+3.666700E+00,+4.899E-03,-80.653E-03
+3.671700E+00,+55.151E-03,-251E-06
+3.676700E+00,+25.000E-03,-60.553E-03
+3.681700E+00,-5.151E-03,+19.849E-03
+3.686700E+00,-5.151E-03,-80.653E-03
+3.691700E+00,+3.291332E+00,+3.316332E+00
+3.696700E+00,+3.241080E+00,+3.215829E+00
+3.701700E+00,-55.402E-03,-10.302E-03
+3.706700E+00,-75.503E-03,+50.000E-03
+3.711700E+00,-5.151E-03,+19.849E-03
+3.716700E+00,-55.402E-03,-30.402E-03
+3.721700E+00,-25.251E-03,-30.402E-03
+3.726700E+00,-5.151E-03,-30.402E-03
+3.731700E+00,+25.000E-03,+50.000E-03
+3.736700E+00,-5.151E-03,+50.000E-03
+3.741700E+00,-25.251E-03,-30.402E-03
+3.746700E+00,+25.000E-03,-30.402E-03
+3.751700E+00,+75.251E-03,-251E-06
+3.756700E+00,+25.000E-03,+19.849E-03
+3.761700E+00,-55.402E-03,-30.402E-03
+3.766700E+00,+25.000E-03,-30.402E-03
+3.771700E+00,+25.000E-03,-80.653E-03
+3.776700E+00,-5.151E-03,-251E-06
+3.781700E+00,+25.000E-03,-30.402E-03
+3.786700E+00,-105.653E-03,-30.402E-03
+3.791700E+00,+3.291332E+00,+3.266080E+00
+3.796700E+00,+3.291332E+00,+3.266080E+00
+3.801700E+00,-55.402E-03,-80.653E-03
+3.806700E+00,+25.000E-03,+19.849E-03
+3.811700E+00,-55.402E-03,-30.402E-03
+3.816700E+00,-55.402E-03,+50.000E-03
+3.821700E+00,-25.251E-03,-30.402E-03
+3.826700E+00,-25.251E-03,-251E-06
+3.831700E+00,-5.151E-03,-251E-06
+3.836700E+00,+25.000E-03,+19.849E-03
+3.841700E+00,-5.151E-03,-80.653E-03
+3.846700E+00,-55.402E-03,+50.000E-03
+3.851700E+00,-5.151E-03,+19.849E-03
+3.856700E+00,-5.151E-03,-10.302E-03
+3.861700E+00,-5.151E-03,-30.402E-03
+3.866700E+00,-55.402E-03,-10.302E-03
+3.871700E+00,-55.402E-03,+19.849E-03
+3.876700E+00,+25.000E-03,-30.402E-03
+3.881700E+00,-25.251E-03,-251E-06
+3.886700E+00,+25.000E-03,-251E-06
+3.891700E+00,+3.291332E+00,+3.296231E+00
+3.896700E+00,+3.301382E+00,+3.235930E+00
+3.901700E+00,-5.151E-03,-10.302E-03
+3.906700E+00,-5.151E-03,+50.000E-03
+3.911700E+00,-25.251E-03,-80.653E-03
+3.916700E+00,-5.151E-03,-251E-06
+3.921700E+00,-55.402E-03,-30.402E-03
+3.926700E+00,+25.000E-03,-30.402E-03
+3.931700E+00,+25.000E-03,+19.849E-03
+3.936700E+00,-25.251E-03,-251E-06
+3.941700E+00,-55.402E-03,-251E-06
+3.946700E+00,-55.402E-03,-30.402E-03
+3.951700E+00,-25.251E-03,+19.849E-03
+3.956700E+00,+25.000E-03,-30.402E-03
+3.961700E+00,+25.000E-03,-30.402E-03
+3.966700E+00,-55.402E-03,-251E-06
+3.971700E+00,-55.402E-03,+19.849E-03
+3.976700E+00,-35.302E-03,-30.402E-03
+3.981700E+00,-55.402E-03,-251E-06
+3.986700E+00,+25.000E-03,-30.402E-03
+3.991700E+00,+3.241080E+00,+3.296231E+00
+3.996700E+00,+3.291332E+00,+3.266080E+00
+4.001700E+00,-25.251E-03,+19.849E-03
+4.006700E+00,-25.251E-03,-251E-06
+4.011700E+00,-25.251E-03,-251E-06
+4.016700E+00,-5.151E-03,-251E-06
+4.021700E+00,-25.251E-03,-30.402E-03
+4.026700E+00,+25.000E-03,-80.653E-03
+4.031700E+00,-5.151E-03,+50.000E-03
+4.036700E+00,-105.653E-03,-30.402E-03
+4.041700E+00,-55.402E-03,-251E-06
+4.046700E+00,-5.151E-03,-50.503E-03
+4.051700E+00,-5.151E-03,+19.849E-03
+4.056700E+00,+25.000E-03,+19.849E-03
+4.061700E+00,-5.151E-03,-251E-06
+4.066700E+00,-5.151E-03,-30.402E-03
+4.071700E+00,-25.251E-03,-251E-06
+4.076700E+00,+25.000E-03,+19.849E-03
+4.081700E+00,-55.402E-03,-50.503E-03
+4.086700E+00,-55.402E-03,-251E-06
+4.091700E+00,+3.241080E+00,+3.235930E+00
+4.096700E+00,+3.241080E+00,+3.266080E+00
+4.101700E+00,+25.000E-03,-30.402E-03
+4.106700E+00,+25.000E-03,-30.402E-03
+4.111700E+00,-25.251E-03,+19.849E-03
+4.116700E+00,+25.000E-03,+19.849E-03
+4.121700E+00,-5.151E-03,-30.402E-03
+4.126700E+00,-25.251E-03,+50.000E-03
+4.131700E+00,+25.000E-03,-80.653E-03
+4.136700E+00,-5.151E-03,-251E-06
+4.141700E+00,-25.251E-03,-60.553E-03
+4.146700E+00,-5.151E-03,-30.402E-03
+4.151700E+00,+25.000E-03,-30.402E-03
+4.156700E+00,-5.151E-03,-30.402E-03
+4.161700E+00,+25.000E-03,-30.402E-03
+4.166700E+00,-25.251E-03,+50.000E-03
+4.171700E+00,+25.000E-03,+19.849E-03
+4.176700E+00,-55.402E-03,-30.402E-03
+4.181700E+00,-55.402E-03,+50.000E-03
+4.186700E+00,-55.402E-03,-30.402E-03
+4.191700E+00,+3.271231E+00,+3.235930E+00
+4.196700E+00,+3.321482E+00,+3.235930E+00
+4.201700E+00,-5.151E-03,+19.849E-03
+4.206700E+00,-25.251E-03,-50.503E-03
+4.211700E+00,-5.151E-03,-30.402E-03
+4.216700E+00,+25.000E-03,-251E-06
+4.221700E+00,+25.000E-03,-30.402E-03
+4.226700E+00,+25.000E-03,-60.553E-03
+4.231700E+00,-55.402E-03,+19.849E-03
+4.236700E+00,-25.251E-03,-251E-06
+4.241700E+00,+25.000E-03,-80.653E-03
+4.246700E+00,-5.151E-03,-30.402E-03
+4.251700E+00,-25.251E-03,-30.402E-03
+4.256700E+00,-55.402E-03,-30.402E-03
+4.261700E+00,+25.000E-03,-30.402E-03
+4.266700E+00,-25.251E-03,-80.653E-03
+4.271700E+00,-5.151E-03,-80.653E-03
+4.276700E+00,-5.151E-03,+50.000E-03
+4.281700E+00,+25.000E-03,-30.402E-03
+4.286700E+00,-5.151E-03,-251E-06
+4.291700E+00,+3.321482E+00,+3.296231E+00
+4.296700E+00,+3.291332E+00,+3.235930E+00
+4.301700E+00,-55.402E-03,-30.402E-03
+4.306700E+00,-25.251E-03,-251E-06
+4.311700E+00,-5.151E-03,-10.302E-03
+4.316700E+00,-5.151E-03,-30.402E-03
+4.321700E+00,-25.251E-03,-30.402E-03
+4.326700E+00,+25.000E-03,+19.849E-03
+4.331700E+00,-25.251E-03,+50.000E-03
+4.336700E+00,-5.151E-03,+50.000E-03
+4.341700E+00,-5.151E-03,-251E-06
+4.346700E+00,+25.000E-03,-30.402E-03
+4.351700E+00,+25.000E-03,-30.402E-03
+4.356700E+00,-25.251E-03,-251E-06
+4.361700E+00,-25.251E-03,-251E-06
+4.366700E+00,-55.402E-03,+19.849E-03
+4.371700E+00,-5.151E-03,-251E-06
+4.376700E+00,-25.251E-03,+19.849E-03
+4.381700E+00,-55.402E-03,-30.402E-03
+4.386700E+00,-55.402E-03,-30.402E-03
+4.391700E+00,+3.241080E+00,+3.266080E+00
+4.396700E+00,+3.291332E+00,+3.266080E+00
+4.401700E+00,-55.402E-03,+19.849E-03
+4.406700E+00,+25.000E-03,-30.402E-03
+4.411700E+00,+25.000E-03,-80.653E-03
+4.416700E+00,-5.151E-03,-251E-06
+4.421700E+00,-25.251E-03,+29.899E-03
+4.426700E+00,+25.000E-03,-30.402E-03
+4.431700E+00,-55.402E-03,-30.402E-03
+4.436700E+00,-5.151E-03,-30.402E-03
+4.441700E+00,+25.000E-03,-130.905E-03
+4.446700E+00,-55.402E-03,+19.849E-03
+4.451700E+00,-5.151E-03,-251E-06
+4.456700E+00,-25.251E-03,-60.553E-03
+4.461700E+00,+55.151E-03,+19.849E-03
+4.466700E+00,-25.251E-03,+19.849E-03
+4.471700E+00,-55.402E-03,-30.402E-03
+4.476700E+00,+25.000E-03,+19.849E-03
+4.481700E+00,-25.251E-03,-30.402E-03
+4.486700E+00,+25.000E-03,-10.302E-03
+4.491700E+00,+3.291332E+00,+3.266080E+00
+4.496700E+00,+3.271231E+00,+3.266080E+00
+4.501700E+00,-55.402E-03,-30.402E-03
+4.506700E+00,-55.402E-03,+19.849E-03
+4.511700E+00,-25.251E-03,-251E-06
+4.516700E+00,-5.151E-03,-30.402E-03
+4.521700E+00,-5.151E-03,+19.849E-03
+4.526700E+00,-25.251E-03,-50.503E-03
+4.531700E+00,-5.151E-03,-251E-06
+4.536700E+00,-5.151E-03,+19.849E-03
+4.541700E+00,-55.402E-03,+19.849E-03
+4.546700E+00,-25.251E-03,-30.402E-03
+4.551700E+00,-25.251E-03,+19.849E-03
+4.556700E+00,+25.000E-03,-30.402E-03
+4.561700E+00,-5.151E-03,-251E-06
+4.566700E+00,-55.402E-03,-251E-06
+4.571700E+00,-5.151E-03,-80.653E-03
+4.576700E+00,-55.402E-03,-30.402E-03
+4.581700E+00,-25.251E-03,-110.804E-03
+4.586700E+00,+25.000E-03,+19.849E-03
+4.591700E+00,+3.241080E+00,+3.235930E+00
+4.596700E+00,+3.271231E+00,+3.266080E+00
+4.601700E+00,-25.251E-03,-30.402E-03
+4.606700E+00,-5.151E-03,-30.402E-03
+4.611700E+00,+25.000E-03,-30.402E-03
+4.616700E+00,-5.151E-03,-60.553E-03
+4.621700E+00,+25.000E-03,-50.503E-03
+4.626700E+00,-55.402E-03,+19.849E-03
+4.631700E+00,-5.151E-03,+50.000E-03
+4.636700E+00,-25.251E-03,-30.402E-03
+4.641700E+00,-105.653E-03,-251E-06
+4.646700E+00,-55.402E-03,-30.402E-03
+4.651700E+00,-25.251E-03,+19.849E-03
+4.656700E+00,-5.151E-03,-251E-06
+4.661700E+00,-5.151E-03,-30.402E-03
+4.666700E+00,-55.402E-03,-30.402E-03
+4.671700E+00,-5.151E-03,-251E-06
+4.676700E+00,-55.402E-03,-30.402E-03
+4.681700E+00,+25.000E-03,-10.302E-03
+4.686700E+00,+25.000E-03,+19.849E-03
+4.691700E+00,+3.271231E+00,+3.266080E+00
+4.696700E+00,+3.271231E+00,+3.215829E+00
+4.701700E+00,-25.251E-03,+50.000E-03
+4.706700E+00,-25.251E-03,+19.849E-03
+4.711700E+00,-5.151E-03,-251E-06
+4.716700E+00,-55.402E-03,+19.849E-03
+4.721700E+00,-5.151E-03,-80.653E-03
+4.726700E+00,-55.402E-03,+19.849E-03
+4.731700E+00,-25.251E-03,+19.849E-03
+4.736700E+00,+25.000E-03,-251E-06
+4.741700E+00,+25.000E-03,+50.000E-03
+4.746700E+00,+25.000E-03,-251E-06
+4.751700E+00,-25.251E-03,+19.849E-03
+4.756700E+00,+25.000E-03,-30.402E-03
+4.761700E+00,-5.151E-03,-251E-06
+4.766700E+00,-55.402E-03,-30.402E-03
+4.771700E+00,+25.000E-03,-30.402E-03
+4.776700E+00,-25.251E-03,-80.653E-03
+4.781700E+00,+25.000E-03,-30.402E-03
+4.786700E+00,+25.000E-03,+50.000E-03
+4.791700E+00,+3.241080E+00,+3.296231E+00
+4.796700E+00,+3.271231E+00,+3.235930E+00
+4.801700E+00,-25.251E-03,-50.503E-03
+4.806700E+00,-25.251E-03,-251E-06
+4.811700E+00,-25.251E-03,+19.849E-03
+4.816700E+00,-25.251E-03,-60.553E-03
+4.821700E+00,+4.899E-03,-251E-06
+4.826700E+00,-55.402E-03,-130.905E-03
+4.831700E+00,-5.151E-03,-30.402E-03
+4.836700E+00,-5.151E-03,+19.849E-03
+4.841700E+00,-25.251E-03,-130.905E-03
+4.846700E+00,-5.151E-03,-80.653E-03
+4.851700E+00,+25.000E-03,+19.849E-03
+4.856700E+00,+25.000E-03,-10.302E-03
+4.861700E+00,+25.000E-03,+19.849E-03
+4.866700E+00,+25.000E-03,-130.905E-03
+4.871700E+00,-55.402E-03,+50.000E-03
+4.876700E+00,-25.251E-03,-30.402E-03
+4.881700E+00,-25.251E-03,-30.402E-03
+4.886700E+00,-5.151E-03,-30.402E-03
+4.891700E+00,+3.271231E+00,+2.080151E+00
+4.896700E+00,+3.291332E+00,+3.215829E+00
+4.901700E+00,-25.251E-03,+19.849E-03
+4.906700E+00,+25.000E-03,+50.000E-03
+4.911700E+00,+25.000E-03,+50.000E-03
+4.916700E+00,-55.402E-03,-30.402E-03
+4.921700E+00,-5.151E-03,-30.402E-03
+4.926700E+00,-5.151E-03,-30.402E-03
+4.931700E+00,-25.251E-03,+19.849E-03
+4.936700E+00,-25.251E-03,-251E-06
+4.941700E+00,+25.000E-03,-30.402E-03
+4.946700E+00,-25.251E-03,-251E-06
+4.951700E+00,-55.402E-03,-30.402E-03
+4.956700E+00,-55.402E-03,-60.553E-03
+4.961700E+00,-25.251E-03,-130.905E-03
+4.966700E+00,-5.151E-03,-50.503E-03
+4.971700E+00,+75.251E-03,-30.402E-03
+4.976700E+00,+25.000E-03,-30.402E-03
+4.981700E+00,-55.402E-03,-30.402E-03
+4.986700E+00,-25.251E-03,-60.553E-03
+4.991700E+00,+3.190829E+00,-60.553E-03
+4.996700E+00,+3.271231E+00,+3.245980E+00
+5.001700E+00,-85.553E-03,+50.000E-03
+5.006700E+00,+25.000E-03,-30.402E-03
+5.011700E+00,+25.000E-03,-30.402E-03
+5.016700E+00,-25.251E-03,-50.503E-03
+5.021700E+00,-5.151E-03,-30.402E-03
+5.026700E+00,+55.151E-03,-251E-06
+5.031700E+00,-55.402E-03,+29.899E-03
+5.036700E+00,+25.000E-03,-60.553E-03
+5.041700E+00,+55.151E-03,-251E-06
+5.046700E+00,-25.251E-03,-30.402E-03
+5.051700E+00,+25.000E-03,-30.402E-03
+5.056700E+00,+25.000E-03,+19.849E-03
+5.061700E+00,-5.151E-03,-251E-06
+5.066700E+00,-55.402E-03,-30.402E-03
+5.071700E+00,-5.151E-03,-30.402E-03
+5.076700E+00,+25.000E-03,-60.553E-03
+5.081700E+00,+25.000E-03,-30.402E-03
+5.086700E+00,+25.000E-03,+19.849E-03
+5.091700E+00,+3.271231E+00,+3.266080E+00
+5.096700E+00,+3.271231E+00,+3.215829E+00
+5.101700E+00,-25.251E-03,-30.402E-03
+5.106700E+00,-25.251E-03,+50.000E-03
+5.111700E+00,+4.899E-03,-60.553E-03
+5.116700E+00,-5.151E-03,-251E-06
+5.121700E+00,-55.402E-03,-30.402E-03
+5.126700E+00,-55.402E-03,-30.402E-03
+5.131700E+00,+25.000E-03,+19.849E-03
+5.136700E+00,-5.151E-03,-10.302E-03
+5.141700E+00,-55.402E-03,-30.402E-03
+5.146700E+00,+4.899E-03,+19.849E-03
+5.151700E+00,-5.151E-03,-60.553E-03
+5.156700E+00,-25.251E-03,-10.302E-03
+5.161700E+00,+25.000E-03,-30.402E-03
+5.166700E+00,-5.151E-03,-30.402E-03
+5.171700E+00,-25.251E-03,-10.302E-03
+5.176700E+00,+25.000E-03,+19.849E-03
+5.181700E+00,-5.151E-03,-251E-06
+5.186700E+00,+25.000E-03,-60.553E-03
+5.191700E+00,+3.271231E+00,+3.296231E+00
+5.196700E+00,+3.291332E+00,+3.286181E+00
+5.201700E+00,-5.151E-03,+19.849E-03
+5.206700E+00,+4.899E-03,-30.402E-03
+5.211700E+00,-5.151E-03,-30.402E-03
+5.216700E+00,-55.402E-03,+19.849E-03
+5.221700E+00,+25.000E-03,+19.849E-03
+5.226700E+00,+25.000E-03,+19.849E-03
+5.231700E+00,+25.000E-03,+19.849E-03
+5.236700E+00,-25.251E-03,-30.402E-03
+5.241700E+00,-55.402E-03,-60.553E-03
+5.246700E+00,-25.251E-03,+50.000E-03
+5.251700E+00,-25.251E-03,-30.402E-03
+5.256700E+00,-85.553E-03,-251E-06
+5.261700E+00,+25.000E-03,+19.849E-03
+5.266700E+00,-55.402E-03,-251E-06
+5.271700E+00,+55.151E-03,+19.849E-03
+5.276700E+00,+25.000E-03,+50.000E-03
+5.281700E+00,-5.151E-03,-10.302E-03
+5.286700E+00,-25.251E-03,-251E-06
+5.291700E+00,+3.241080E+00,+3.245980E+00
+5.296700E+00,+3.241080E+00,+3.266080E+00
+5.301700E+00,-25.251E-03,-30.402E-03
+5.306700E+00,+25.000E-03,-60.553E-03
+5.311700E+00,-25.251E-03,-80.653E-03
+5.316700E+00,-25.251E-03,-30.402E-03
+5.321700E+00,+25.000E-03,-30.402E-03
+5.326700E+00,-25.251E-03,+50.000E-03
+5.331700E+00,+25.000E-03,-30.402E-03
+5.336700E+00,-25.251E-03,-251E-06
+5.341700E+00,-25.251E-03,-30.402E-03
+5.346700E+00,+75.251E-03,+19.849E-03
+5.351700E+00,-25.251E-03,+50.000E-03
+5.356700E+00,+25.000E-03,-30.402E-03
+5.361700E+00,-5.151E-03,+19.849E-03
+5.366700E+00,-5.151E-03,-80.653E-03
+5.371700E+00,-55.402E-03,+19.849E-03
+5.376700E+00,-55.402E-03,-10.302E-03
+5.381700E+00,+25.000E-03,-251E-06
+5.386700E+00,+25.000E-03,-251E-06
+5.391700E+00,+3.321482E+00,+3.266080E+00
+5.396700E+00,+3.220980E+00,+3.235930E+00
+5.401700E+00,+25.000E-03,-191.206E-03
+5.406700E+00,-105.653E-03,+19.849E-03
+5.411700E+00,-55.402E-03,-130.905E-03
+5.416700E+00,-25.251E-03,-30.402E-03
+5.421700E+00,-25.251E-03,-80.653E-03
+5.426700E+00,+25.000E-03,-30.402E-03
+5.431700E+00,-55.402E-03,-251E-06
+5.436700E+00,-25.251E-03,-30.402E-03
+5.441700E+00,-5.151E-03,-30.402E-03
+5.446700E+00,-55.402E-03,-251E-06
+5.451700E+00,-5.151E-03,-30.402E-03
+5.456700E+00,-25.251E-03,-60.553E-03
+5.461700E+00,+25.000E-03,+50.000E-03
+5.466700E+00,-25.251E-03,-80.653E-03
+5.471700E+00,-25.251E-03,-30.402E-03
+5.476700E+00,+25.000E-03,-10.302E-03
+5.481700E+00,+25.000E-03,-60.553E-03
+5.486700E+00,+25.000E-03,-251E-06
+5.491700E+00,+3.321482E+00,+3.296231E+00
+5.496700E+00,+3.321482E+00,+3.296231E+00
+5.501700E+00,-75.503E-03,-30.402E-03
+5.506700E+00,-25.251E-03,-30.402E-03
+5.511700E+00,-5.151E-03,-251E-06
+5.516700E+00,+25.000E-03,+19.849E-03
+5.521700E+00,-5.151E-03,-30.402E-03
+5.526700E+00,-25.251E-03,-10.302E-03
+5.531700E+00,-105.653E-03,+19.849E-03
+5.536700E+00,-25.251E-03,-251E-06
+5.541700E+00,-25.251E-03,-30.402E-03
+5.546700E+00,-25.251E-03,-251E-06
+5.551700E+00,+25.000E-03,-30.402E-03
+5.556700E+00,-25.251E-03,-251E-06
+5.561700E+00,-55.402E-03,+19.849E-03
+5.566700E+00,-55.402E-03,-30.402E-03
+5.571700E+00,+25.000E-03,-30.402E-03
+5.576700E+00,+25.000E-03,+19.849E-03
+5.581700E+00,+25.000E-03,+19.849E-03
+5.586700E+00,+25.000E-03,-30.402E-03
+5.591700E+00,+3.241080E+00,+3.215829E+00
+5.596700E+00,+3.321482E+00,+3.296231E+00
+5.601700E+00,+25.000E-03,-30.402E-03
+5.606700E+00,-55.402E-03,-251E-06
+5.611700E+00,-25.251E-03,+19.849E-03
+5.616700E+00,+25.000E-03,+19.849E-03
+5.621700E+00,+25.000E-03,-251E-06
+5.626700E+00,-25.251E-03,-110.804E-03
+5.631700E+00,+25.000E-03,-50.503E-03
+5.636700E+00,-5.151E-03,-30.402E-03
+5.641700E+00,-5.151E-03,-251E-06
+5.646700E+00,+25.000E-03,-30.402E-03
+5.651700E+00,+75.251E-03,-130.905E-03
+5.656700E+00,+25.000E-03,-30.402E-03
+5.661700E+00,-55.402E-03,-30.402E-03
+5.666700E+00,+25.000E-03,+19.849E-03
+5.671700E+00,+25.000E-03,-30.402E-03
+5.676700E+00,-25.251E-03,-10.302E-03
+5.681700E+00,+25.000E-03,-80.653E-03
+5.686700E+00,+25.000E-03,-30.402E-03
+5.691700E+00,+3.321482E+00,+3.296231E+00
+5.696700E+00,+3.291332E+00,+3.235930E+00
+5.701700E+00,-55.402E-03,+19.849E-03
+5.706700E+00,-5.151E-03,-30.402E-03
+5.711700E+00,-55.402E-03,+50.000E-03
+5.716700E+00,-25.251E-03,-30.402E-03
+5.721700E+00,-25.251E-03,-30.402E-03
+5.726700E+00,-55.402E-03,-30.402E-03
+5.731700E+00,-55.402E-03,+19.849E-03
+5.736700E+00,-25.251E-03,+19.849E-03
+5.741700E+00,-5.151E-03,+50.000E-03
+5.746700E+00,+25.000E-03,+19.849E-03
+5.751700E+00,-25.251E-03,-30.402E-03
+5.756700E+00,-5.151E-03,-60.553E-03
+5.761700E+00,-5.151E-03,+50.000E-03
+5.766700E+00,+25.000E-03,-30.402E-03
+5.771700E+00,-5.151E-03,-30.402E-03
+5.776700E+00,-25.251E-03,-60.553E-03
+5.781700E+00,-5.151E-03,+19.849E-03
+5.786700E+00,+25.000E-03,-251E-06
+5.791700E+00,+3.241080E+00,+3.235930E+00
+5.796700E+00,+3.271231E+00,+3.266080E+00
+5.801700E+00,-55.402E-03,+50.000E-03
+5.806700E+00,-55.402E-03,-60.553E-03
+5.811700E+00,-25.251E-03,+19.849E-03
+5.816700E+00,+25.000E-03,-80.653E-03
+5.821700E+00,-25.251E-03,-30.402E-03
+5.826700E+00,-25.251E-03,-110.804E-03
+5.831700E+00,-25.251E-03,+19.849E-03
+5.836700E+00,-5.151E-03,+19.849E-03
+5.841700E+00,-55.402E-03,-60.553E-03
+5.846700E+00,-55.402E-03,-50.503E-03
+5.851700E+00,+25.000E-03,+19.849E-03
+5.856700E+00,-25.251E-03,-251E-06
+5.861700E+00,+25.000E-03,-30.402E-03
+5.866700E+00,-25.251E-03,-251E-06
+5.871700E+00,+25.000E-03,-251E-06
+5.876700E+00,-25.251E-03,-50.503E-03
+5.881700E+00,-25.251E-03,-251E-06
+5.886700E+00,+25.000E-03,-30.402E-03
+5.891700E+00,+3.241080E+00,+3.185678E+00
+5.896700E+00,+3.241080E+00,+3.266080E+00
+5.901700E+00,-5.151E-03,+19.849E-03
+5.906700E+00,-25.251E-03,-10.302E-03
+5.911700E+00,+25.000E-03,-30.402E-03
+5.916700E+00,-55.402E-03,-30.402E-03
+5.921700E+00,+25.000E-03,-251E-06
+5.926700E+00,-55.402E-03,+19.849E-03
+5.931700E+00,-55.402E-03,-100.754E-03
+5.936700E+00,-55.402E-03,+50.000E-03
+5.941700E+00,-5.151E-03,-30.402E-03
+5.946700E+00,-5.151E-03,+50.000E-03
+5.951700E+00,-25.251E-03,-30.402E-03
+5.956700E+00,+25.000E-03,-30.402E-03
+5.961700E+00,-55.402E-03,-30.402E-03
+5.966700E+00,-25.251E-03,-30.402E-03
+5.971700E+00,-85.553E-03,-30.402E-03
+5.976700E+00,-5.151E-03,-251E-06
+5.981700E+00,+25.000E-03,-30.402E-03
+5.986700E+00,-55.402E-03,+19.849E-03
+5.991700E+00,+3.241080E+00,+3.266080E+00
+5.996700E+00,+3.190829E+00,+3.266080E+00
+6.001700E+00,-5.151E-03,-30.402E-03
+6.006700E+00,-25.251E-03,+19.849E-03
+6.011700E+00,-85.553E-03,+70.101E-03
+6.016700E+00,-55.402E-03,-30.402E-03
+6.021700E+00,-55.402E-03,-80.653E-03
+6.026700E+00,-25.251E-03,+19.849E-03
+6.031700E+00,-5.151E-03,-251E-06
+6.036700E+00,-5.151E-03,+19.849E-03
+6.041700E+00,+25.000E-03,+19.849E-03
+6.046700E+00,-5.151E-03,-30.402E-03
+6.051700E+00,-5.151E-03,-251E-06
+6.056700E+00,-5.151E-03,-30.402E-03
+6.061700E+00,+25.000E-03,-30.402E-03
+6.066700E+00,-5.151E-03,-30.402E-03
+6.071700E+00,-5.151E-03,+19.849E-03
+6.076700E+00,-25.251E-03,-50.503E-03
+6.081700E+00,+45.101E-03,-30.402E-03
+6.086700E+00,-5.151E-03,-251E-06
+6.091700E+00,+3.271231E+00,+3.266080E+00
+6.096700E+00,+3.241080E+00,+3.316332E+00
+6.101700E+00,-25.251E-03,-60.553E-03
+6.106700E+00,-5.151E-03,-10.302E-03
+6.111700E+00,-25.251E-03,-90.704E-03
+6.116700E+00,+25.000E-03,-251E-06
+6.121700E+00,+45.101E-03,-60.553E-03
+6.126700E+00,+25.000E-03,+19.849E-03
+6.131700E+00,-25.251E-03,+19.849E-03
+6.136700E+00,-5.151E-03,+19.849E-03
+6.141700E+00,-25.251E-03,-30.402E-03
+6.146700E+00,+25.000E-03,-30.402E-03
+6.151700E+00,-25.251E-03,-251E-06
+6.156700E+00,-55.402E-03,-30.402E-03
+6.161700E+00,+25.000E-03,-80.653E-03
+6.166700E+00,-25.251E-03,-80.653E-03
+6.171700E+00,-5.151E-03,+19.849E-03
+6.176700E+00,-25.251E-03,+70.101E-03
+6.181700E+00,-25.251E-03,-30.402E-03
+6.186700E+00,-5.151E-03,-80.653E-03
+6.191700E+00,+3.241080E+00,+3.296231E+00
+6.196700E+00,+3.341583E+00,+3.266080E+00
+6.201700E+00,-55.402E-03,-251E-06
+6.206700E+00,-25.251E-03,+50.000E-03
+6.211700E+00,-25.251E-03,-30.402E-03
+6.216700E+00,-25.251E-03,-30.402E-03
+6.221700E+00,+25.000E-03,-10.302E-03
+6.226700E+00,-5.151E-03,-60.553E-03
+6.231700E+00,-5.151E-03,-30.402E-03
+6.236700E+00,+25.000E-03,-80.653E-03
+6.241700E+00,+25.000E-03,-80.653E-03
+6.246700E+00,-5.151E-03,-80.653E-03
+6.251700E+00,-5.151E-03,-30.402E-03
+6.256700E+00,-55.402E-03,-10.302E-03
+6.261700E+00,-25.251E-03,+19.849E-03
+6.266700E+00,-55.402E-03,-30.402E-03
+6.271700E+00,-25.251E-03,-30.402E-03
+6.276700E+00,-5.151E-03,+50.000E-03
+6.281700E+00,-25.251E-03,+19.849E-03
+6.286700E+00,-5.151E-03,-80.653E-03
+6.291700E+00,+3.291332E+00,+3.215829E+00
+6.296700E+00,+3.271231E+00,+3.185678E+00
+6.301700E+00,-25.251E-03,-30.402E-03
+6.306700E+00,+25.000E-03,-30.402E-03
+6.311700E+00,-5.151E-03,-30.402E-03
+6.316700E+00,-5.151E-03,-30.402E-03
+6.321700E+00,+25.000E-03,-30.402E-03
+6.326700E+00,-25.251E-03,+19.849E-03
+6.331700E+00,-25.251E-03,-10.302E-03
+6.336700E+00,+25.000E-03,-30.402E-03
+6.341700E+00,-5.151E-03,-30.402E-03
+6.346700E+00,-25.251E-03,-30.402E-03
+6.351700E+00,-25.251E-03,+19.849E-03
+6.356700E+00,-55.402E-03,-30.402E-03
+6.361700E+00,-55.402E-03,-30.402E-03
+6.366700E+00,+25.000E-03,-10.302E-03
+6.371700E+00,+25.000E-03,-80.653E-03
+6.376700E+00,-55.402E-03,+19.849E-03
+6.381700E+00,+25.000E-03,-30.402E-03
+6.386700E+00,+25.000E-03,-30.402E-03
+6.391700E+00,+3.321482E+00,+3.245980E+00
+6.396700E+00,+3.321482E+00,+3.266080E+00
+6.401700E+00,-105.653E-03,-30.402E-03
+6.406700E+00,-55.402E-03,-30.402E-03
+6.411700E+00,+25.000E-03,-30.402E-03
+6.416700E+00,-25.251E-03,+19.849E-03
+6.421700E+00,+25.000E-03,-80.653E-03
+6.426700E+00,+25.000E-03,-251E-06
+6.431700E+00,-5.151E-03,-30.402E-03
+6.436700E+00,-5.151E-03,-60.553E-03
+6.441700E+00,,
+6.446700E+00,,
+6.451700E+00,,
+6.456700E+00,,
+6.461700E+00,,
+6.466700E+00,,
+6.471700E+00,,
+6.476700E+00,,
+6.481700E+00,,
+6.486700E+00,,
