TSF_board_1,TSF_board_2
10300751,10300737
15300641,15300642
20300968,20300951
25300973,25300958
30300374,30300369
35300982,35300971
40300891,40300881
45301003,45300990
50300987,50300991
55300541,55300525
60301014,60301003
65301020,65301009
70300253,70300260
75300748,75300736
80300695,80300683
85301041,85301030
90300753,90300757
95300362,95300353
100301064,100301045
105300840,105300849
110300780,110300754
115301055,115301065
120300496,120300501
125300848,125300838
130301012,130301009
135300771,135300775
140300788,140300781
145300694,145300674
150301014,150301002
155301098,155301092
160300358,160300341
165301110,165301103
170300826,170300836
175301120,175301109
180301129,180301110
185300507,185300502
190301138,190301117
195301017,195301027
200301144,200301123
205301145,205301127
210300669,210300670
215301153,215301139
220301146,220301142
225300408,225300416
230301153,230301153
235300883,235300849
240301157,240301147
245301148,245301150
250300547,250300534
255300871,255300866
260301054,260301061
265300872,265300865
270300941,270300920
275300729,275300735
280301187,280301159
285301192,285301179
290300413,290300417
295301197,295301184
300300949,300300938
305300885,305300888
310301058,310301045
315300648,315300631
320301201,320301191
325301148,325301158
330301217,330301203
335301209,335301194
340300841,340300849
345301212,345301203
350301226,350301212
355300506,355300506
360301225,360301217
365301083,365301069
370301215,370301215
375301239,375301224
380300737,380300727
385301218,385301222
390301235,390301225
395300515,395300499
400301228,400301236
405300960,405300963
410301252,410301240
415301232,415301236
420300679,420300665
425301251,425301240
430301203,430301189
435301255,435301245
440301264,440301247
445300891,445300899
450301261,450301257
455301272,455301247
460300583,460300587
465301082,465301063
470301143,470301138
475301272,475301268
480300993,480300983
485300845,485300830
490301268,490301267
495301281,495301278
500300546,500300518
505301274,505301277
510301097,510301078
515301291,515301280
520301302,520301290
525300788,525300782
530301286,530301287
535301301,535301285
540300590,540300585
545301314,545301294
550301032,550301040
555301318,555301298
560301310,560301301
565300763,565300758
570301323,570301311
575301296,575301286
580301327,580301316
585301311,585301317
590301035,590301015
595301325,595301315
600301333,600301313
605300700,605300690
610301332,610301321
615301270,615301280
620301337,620301327
625301346,625301334
630300931,630300942
635301349,635301338
640301345,640301340
645300666,645300655
650301348,650301345
655301207,655301191
660301338,660301343
665301354,665301345
670300931,670300919
675301347,675301352
680301369,680301361
685300643,685300633
690301357,690301367
695301195,695301203
700301364,700301364
705301391,705301371
710300922,710300908
715301395,715301386
720301393,720301390
725300659,725300649
730301402,730301391
735301196,735301193
740301406,740301395
745301400,745301402
750300947,750300938
755301192,755301173
760301389,760301378
765300654,765300654
770301438,770301425
775301158,775301145
780301123,780301132
785301426,785301435
790300947,790300931
795301433,795301442
800301164,800301151
805300727,805300713
810301249,810301245
815301239,815301235
820301470,820301459
825301452,825301461
830300935,830300920
835301472,835301468
840301475,840301465
845300754,845300749
850301486,850301475
855301214,855301214
860301487,860301483
865301495,865301480
870300952,870300966
875301211,875301194
880301498,880301495
885300786,885300782
890301505,890301496
895301286,895301274
900301499,900301502
905301513,905301509
910301025,910301010
915301505,915301508
920301529,920301511
925300768,925300758
930301526,930301516
935301336,935301320
940301534,940301521
945301522,945301523
950301084,950301074
955301544,955301529
960301531,960301537
965300829,965300815
970301532,970301542
975301399,975301386
980301563,980301547
985301541,985301543
990301145,990301133
995301558,995301547
1000301550,1000301539
1005300858,1005300849
1010301349,1010301340
1015301455,1015301461
1020301570,1020301564
1025301577,1025301568
1030301197,1030301190
1035301566,1035301574
1040301580,1040301576
1045300962,1045300942
1050301571,1050301574
1055301520,1055301511
1060301594,1060301579
1065301578,1065301582
1070301292,1070301281
1075301595,1075301586
1080301585,1080301595
1085301040,1085301030
1090301614,1090301600
1095301595,1095301601
1100300894,1100300872
1105301618,1105301600
1110301379,1110301382
1115301622,1115301604
1120301617,1120301613
1125301134,1125301133
1130301627,1130301606
1135301626,1135301613
1140300899,1140300899
1145301627,1145301611
1150301508,1150301497
1155301632,1155301628
1160301623,1160301625
1165301264,1165301259
1170301647,1170301628
1175301632,1175301630
1180301024,1180301015
1185301651,1185301634
1190301609,1190301598
1195301635,1195301645
1200301640,1200301646
1205301364,1205301350
1210301657,1210301651
1215301643,1215301652
1220301126,1220301117
1225301664,1225301650
1230301648,1230301652
1235300904,1235300900
1240301673,1240301656
1245301476,1245301480
1250301674,1250301665
1255301675,1255301661
1260301263,1260301250
1265301664,1265301671
1270301663,1270301672
1275301031,1275301006
1280301681,1280301675
1285301592,1285301601
1290301688,1290301673
1295301693,1295301682
1300301371,1300301381
1305301698,1305301673
1310301701,1310301687
1315301243,1315301233
1320301682,1320301685
1325301700,1325301687
1330300987,1330300969
1335301689,1335301712
1340301520,1340301505
1345301705,1345301694
1350301697,1350301703
1355301254,1355301235
1360301711,1360301701
1365301706,1365301713
1370301006,1370301016
1375301728,1375301706
1380301620,1380301610
1385301716,1385301716
1390301731,1390301712
1395301383,1395301373
1400301738,1400301715
1405301492,1405301488
1410301142,1410301149
1415301736,1415301724
1420301483,1420301475
1425301000,1425301008
1430301742,1430301725
1435301528,1435301509
1440301431,1440301438
1445301540,1445301525
1450301312,1450301308
1455301754,1455301740
1460301736,1460301736
1465301082,1465301081
1470301735,1470301739
1475301676,1475301664
1480301757,1480301748
1485301740,1485301743
1490301452,1490301442
1495301759,1495301752
1500301765,1500301748
1505301177,1505301184
1510301576,1510301566
1515301770,1515301759
1520301034,1520301042
1525301775,1525301764
1530301558,1530301567
1535301779,1535301766
1540301772,1540301768
1545301337,1545301339
1550301776,1550301766
1555301777,1555301773
1560301116,1560301125
1565301769,1565301776
1570301740,1570301726
1575301772,1575301774
1580301794,1580301777
1585301522,1585301507
1590301788,1590301783
1595301801,1595301786
1600301307,1600301316
1605301799,1605301783
1610301797,1610301792
1615301184,1615301179
1620301801,1620301787
1625301680,1625301675
1630301810,1630301797
1635301807,1635301783
1640301556,1640301544
1645301793,1645301803
1650301796,1650301804
1655301230,1655301225
1660301818,1660301802
1665301800,1665301803
1670301815,1670301811
1675301829,1675301806
1680301612,1680301614
1685301829,1685301819
1690301822,1690301806
1695301492,1695301499
1700301825,1700301820
1705301837,1705301823
1710301179,1710301190
1715301809,1715301824
1720301812,1720301799
1725301073,1725301061
1730301827,1730301828
1735301591,1735301587
1740301844,1740301835
1745301830,1745301828
1750301405,1750301398
1755301853,1755301838
1760301849,1760301833
1765301193,1765301178
1770301834,1770301843
1775301777,1775301762
1780301852,1780301840
1785301855,1785301848
1790301552,1790301554
1795301856,1795301852
1800301868,1800301849
1805301331,1805301321
1810301844,1810301852
1815301850,1815301850
1820301144,1820301123
1825301864,1825301854
1830301740,1830301728
1835301874,1835301857
1840301870,1840301865
1845301515,1845301522
1850301877,1850301868
1855301882,1855301864
1860301303,1860301313
1865301886,1865301870
1870301880,1870301870
1875301107,1875301109
1880301890,1880301873
1885301721,1885301711
1890301891,1890301876
1895301866,1895301878
1900301544,1900301516
1905301891,1905301881
1910301877,1910301883
1915301336,1915301326
1920301901,1920301892
1925301884,1925301894
1930301900,1930301896
1935301912,1935301898
1940301715,1940301715
1945301916,1945301901
1950301908,1950301903
1955301482,1955301482
1960301919,1960301900
1965301911,1965301908
1970301268,1970301264
1975301916,1975301905
1980301923,1980301911
1985301146,1985301149
1990301925,1990301910
1995301699,1995301685
2000301910,2000301914
2005301930,2005301927
2010301485,2010301475
2015301915,2015301918
2020301936,2020301926
2025301297,2025301286
2030301933,2030301923
2035301882,2035301885
2040301189,2040301161
2045301938,2045301928
2050301709,2050301711
2055301944,2055301925
2060301951,2060301934
2065301510,2065301515
2070301935,2070301936
2075301950,2075301945
2080301305,2080301293
2085301939,2085301930
2090301943,2090301942
2095301203,2095301185
2100301948,2100301942
2105301726,2105301706
2110301963,2110301950
2115301959,2115301952
2120301532,2120301518
2125301965,2125301961
2130301956,2130301957
2135301347,2135301344
2140301978,2140301965
2145301935,2145301938
2150301232,2150301223
2155301975,2155301964
2160301701,2160301695
2165301985,2165301974
2170301968,2170301969
2175301585,2175301574
2180301983,2180301980
2185301989,2185301979
2190301380,2190301376
2195301994,2195301985
2200301978,2200301979
2205301276,2205301270
2210301999,2210301991
2215301794,2215301792
2220302003,2220301988
2225301999,2225301995
2230301593,2230301593
2235302004,2235301994
2240302008,2240301998
2245301492,2245301497
2250302011,2250301999
2255302022,2255302002
2260301295,2260301298
2265302021,2265302007
2270301854,2270301844
2275302021,2275302018
2280302024,2280302014
2285301681,2285301670
2290302018,2290302026
2295302035,2295302023
2300301511,2300301499
2305301773,2305301766
2310302033,2310302039
2315301335,2315301330
2320301748,2320301742
2325301736,2325301749
2330302023,2330302020
2335301765,2335301755
2340301775,2340301778
2345302079,2345302061
2350302075,2350302071
2355301638,2355301635
2360302086,2360302075
2365302089,2365302085
2370301419,2370301431
2375302083,2375302093
2380302110,2380302098
2385301358,2385301354
2390302108,2390302106
2395301916,2395301911
2400302125,2400302097
2405302110,2405302116
2410301753,2410301760
2415302112,2415302124
